"CNPJ","NOME_INSTITUIÇÃO","ENDEREÇO","COMPLEMENTO","BAIRRO","CEP","MUNICIPIO","UF","DDD","FONE","EMAIL","ENDEREÇO_ELETRONICO","ano","mes","tipo"
"6043050.000000","BB ADMINISTRADORA DE CONSORCIOS S.A.","SBS, QD. 01, BL. A, 7º ANDAR (PARTE)",NA,"SETOR BANCÁRIO SUL","70073900.000000","BRASILIA","DF","61.000000","33101300.000000","DIREV@BB.COM.BR",NA,"2008","04","consorcios"
"5794450.000000","DESTAQUE ADMINISTRADORA DE CONSORCIOS LTDA","AV. DR. PRIDENTE DE MORAES, 950","1º PISO","VILA AMORIM","8610005.000000","BARUERI","SP","11.000000","47235300.000000","CONSORCIO@GRUPODESTAQUE.COM.BR","WWW.GRUPODESTAQUE.COM.BR","2008","04","consorcios"
"5395814.000000","NOVOTEMPO ADMINISTRADORA DE CONSORCIOS LTDA.","AV. MÁRIO LEAL FERREIRA, 1350",NA,"BROTAS","40285600.000000","SALVADOR","BA","71.000000","21036099.000000","NOVOTEMPOADM@HOTMAIL.COM/CONSORCIONOVOTEMPO@GLOBO.COM",NA,"2008","04","consorcios"
"6044551.000000","ADMINISTRADORA DE CONSORCIO NACIONAL GAZIN LTDA","RUA DAS INDUSTRIAS S/N","S/N - MATRIZ MÓVEIS GAZIN","CENTRO","87485000.000000","DOURADINA","PR","44.000000","6638001.000000","RUICONSORCIO@GAZIN.COM.BR","WWW.CONSORCIOGAZIN.COM.BR","2008","04","consorcios"
"6058543.000000","FACIL ADMINISTRADORA DE CONSORCIOS LTDA","AV. DO CONTORNO, 1240","BAIRRO NOSSA SENHORA DE FÁTIMA","NOSSA SRA. DE FÁTIMA","39550000.000000","TAIOBEIRAS","MG","38.000000","38451420.000000","CONSORCIO_FACIL@YAHOO.COM.BR",NA,"2008","04","consorcios"
"7808907.000000","ADMINISTRADORA DE CONSORCIOS SICREDI LTDA","AVENIDA ASSIS BRASIL, 3940","9º ANDAR","JARDIM LINDÓIA","91010003.000000","PORTO ALEGRE","RS","51.000000","33584777.000000","ADM_CONSORCIO@SICREDI.COM.BR","WWW.SICREDI.COM.BR","2008","04","consorcios"
"6181431.000000","ITAUNA ADMINISTRADORA DE CONSORCIO LTDA","AV. PRESIDENTE TANCREDO NEVES, 1.150",NA,"ESPLANADA","35300106.000000","CARATINGA","MG","33.000000","33217200.000000","JONAS@CONTROLLER-MG.COM.BR",NA,"2008","04","consorcios"
"5126027.000000","MOTOASA - ADMINISTRADORA DE CONSÓRCIO LTDA.","AV. FRANCISCO JUNQUEIRA, 3410","ALA B","JARDIM AMÉRICA","14020000.000000","RIBEIRAO PRETO","SP","16.000000","21111000.000000","CONTABIL@MOTOASA.COM.BR","WWW.MOTOASA.COM.BR","2008","04","consorcios"
"42421776.000000","FIAT ADMINISTRADORA DE CONSÓRCIOS LTDA.","ALAMEDA PEDRO CALIL, 43",NA,"VILA DAS ACÁCIAS","8557105.000000","POA","SP","11.000000","50191122.000000",NA,NA,"2008","04","consorcios"
"6046109.000000","BRISA ADMINISTRADORA DE CONSORCIOS LTDA","RUA RIO GRANDE DO SUL, 448",NA,"LOURDES","35030580.000000","GOVERNADOR VALADARES","MG","33.000000","32124200.000000","CONSORCIOBRISA@CONSORCIOBRISA.COM.BR",NA,"2008","04","consorcios"
"6055245.000000","SANTANDER ADMINISTRADORA DE CONSORCIOS LTDA","RUA AMADOR BUENO, 474",NA,"SANTO AMARO","4752005.000000","SAO PAULO","SP","11.000000","56357191.000000","JURIDSOCIETARIO@SANTANDERBANESPA.COM.BR","WWW.SANTANDERBANESPA.COM.BR","2008","04","consorcios"
"5997050.000000","MINAS BRASÍLIA ADMINISTRADORA DE CONSÓRCIOS LTDA","RUA JÚLIO PEREIRA DA SILVA, 55","LOJA 205","CIDADE NOVA","31170360.000000","BELO HORIZONTE","MG","31.000000","34846372.000000","BSRODRIGO@HOTMAIL.COM",NA,"2008","04","consorcios"
"5605527.000000","LINCE BRASIL ADMINISTRADORA DE CONSORCIOS LTDA","AV. SÃO PAULO, 441","SALA 7","JUNQUEIRA","16403020.000000","LINS","SP","14.000000","35223055.000000",NA,NA,"2008","04","consorcios"
"5652765.000000","CONSORCIO NACIONAL NANUQUE LTDA","AVENIDA MUCURI, 1.587-A",NA,"CENTRO","39860000.000000","NANUQUE","MG","33.000000","36214404.000000","CONSORCIONACIONALNANUQUE@UOL.COM.BR",NA,"2008","04","consorcios"
"6940240.000000","LUC DE PADUA ADMINISTRADORA DE CONSORCIO LTDA","RUA JOSÉ DE ALENCAR, 32",NA,"CENTRO","28470000.000000","SANTO ANTONIO DE PADUA","RJ","22.000000","38510626.000000","COREPADUA@BRASILVISION.COM.BR",NA,"2008","04","consorcios"
"776.000000","ITAU ADMINISTRADORA DE CONSORCIOS LTDA","ALAMEDA PEDRO CALIL, 43",NA,"VILA DAS ACÁCIAS","8557105.000000","POA","SP","11.000000","50191122.000000",NA,NA,"2008","04","consorcios"
"3870838.000000","FUGANTI ADMINISTRADORA DE CONSORCIOS LTDA","AV. RIO BRANCO, 367",NA,"CENTRO","89600000.000000","JOACABA","SC","49.000000","35220604.000000","JOAUTOCONSORCIO@CNX.COM.BR","WWW.CLASSIFICADOSMERCOSSUL.COM.BR/CONSORCIOJOAUTO","2008","04","consorcios"
"1659838.000000","DISBRAVE ADMINISTRADORA DE CONSORCIOS LTDA","SEP/NORTE QUADRA 503 CONJUNTO A - 2.ANDAR",NA,"ASA NORTE","70730510.000000","BRASILIA","DF","61.000000","3299829.000000",NA,NA,"2008","04","consorcios"
"3472321.000000","VEIGRANDE ADMINISTRADORA DE CONSORCIOS S/C LTDA - IMPEDIDA CRIAR NOVOS GRUPOS","AV. COSTA E SILVA, 333, 2. PAVIMENTO",NA,"VILA PROGRESSO","79050001.000000","CAMPO GRANDE","MS","67.000000","3423200.000000",NA,NA,"2008","04","consorcios"
"3828278.000000","ADMINISTRADORA DE CONSORCIOS BECKER LTDA","RUA SETE DE SETEMBRO,585","SALA 1","CENTRO","97900000.000000","CERRO LARGO","RS","55.000000","33593548.000000","CONSORCIO@ELOJASBECKER.COM.BR","WWW.CONSORCIOBECKER.COM.BR","2008","04","consorcios"
"3832228.000000","APEC - ADMINISTRATORA DE CONSORCIOS S/A","RUA 7 DE SETEMBRO,821",NA,"CENTRO","36200078.000000","BARBACENA","MG","32.000000","33392211.000000","CRISTINA@APECVEICULOS.COM.BR",NA,"2008","04","consorcios"
"752386.000000","ADMINISTRADORA DE CONSÓRCIO SAGA LTDA","RUA T-27 Nº 390","QUADRA 38 LOTE 5","SETOR BUENO","74210030.000000","GOIANIA","GO","62.000000","32545110.000000","MROQUETT@SAGANET.COM.BR","CONSORCIOSAGA.COM.BR","2008","04","consorcios"
"2661197.000000","CBN ADMINISTRADORA DE CONSORCIOS LTDA. - IMPEDIDA CRIAR NOVOS GRUPOS","SCR/NORTE-QUADRA 712/713 -BLOCO B LOJA 48",NA,"ASA NORTE","70760790.000000","BRASILIA","DF","61.000000","2738866.000000","CONSORCIOSELECTA@CONSORCIOSELECTA.COM.BR","WWW.CONSORCIOSELECTA.COM.BR","2008","04","consorcios"
"2756153.000000","SERRA DOURADA ADMINISTRADORA NACIONAL DE CONSORCIO S/C LTDA. - IMPEDIDA CRIAR NOVOS GRUPOS","AV. GOIAS, 611 - 1 ANDAR - SALAS 105/107",NA,"AC/ELIAS P. AQUINO","75000000.000000","ANAPOLIS","GO","62.000000","3248203.000000",NA,NA,"2008","04","consorcios"
"3762583.000000","ADMINISTRADORA DE CONSORCIOS MAIA LTDA.","RUA TREZE DE MAIO, 73","SALA 02","CENTRO","58013070.000000","JOAO PESSOA","PB","83.000000","32211315.000000","CONSORCIO@LOJASMAIA.COM.BR","WWW.LOJASMAIA.COM.BR/CONSORCIO","2008","04","consorcios"
"600262.000000","FERRAZ ADMINISTRACAO E CONSORCIOS LTDA","SCR/SUL QUADRA 516 BLOCO C LOJA 75",NA,"ASA SUL","70381535.000000","BRASILIA","DF","61.000000","3468073.000000","FERRAZ@FERRAZ.COM.BR","WWW.FERRAZ.COM.BR","2008","04","consorcios"
"3586655.000000","H. ADMINISTRADORA DE CONSÓRCIOS LTDA","AV. PARIGOT DE SOUZA, 1327","SALA 02","JARDIM PORTO ALEGRE","85906070.000000","TOLEDO","PR","45.000000","21031700.000000","HCONSORCIO@HCONSORCIO.COM.BR","WWW.HCONSORCIO.COM.BR","2008","04","consorcios"
"3752318.000000","TRESCINCO ADMINISTRADORA DE CONSÓRCIO LTDA","AV. DA FEB, 2080",NA,"MORRO VERMELHO","78115000.000000","VARZEA GRANDE","MT","65.000000","21213535.000000","TRESCINCO@CONSORCIO35.COM.BR","WWW.CONSORCIO35.COM.BR","2008","04","consorcios"
"2790467.000000","CCA ADMINISTRADORA DE CONSORCIO LTDA - IMPEDIDA CRIAR NOVOS GRUPOS","AV. MINAS GERAIS, 142","SALA 113-CENTRO EMPRESARIAL JUNDIAÍ","BAIRRO JUNDIAÍ","75110770.000000","ANAPOLIS","GO","62.000000","33111500.000000","CONSCCA@KFS10.COM.BR",NA,"2008","04","consorcios"
"505222.000000","PLANALTO ADMINISTRADORA DE CONSORCIO NACIONAL LTDA - IMPEDIDA CRIAR NOVOS GRUPOS","SEUP/NORTE QUADRA 512 CONJ.C",NA,"ASA NORTE","70760000.000000","BRASILIA","DF","61.000000","3475050.000000",NA,NA,"2008","04","consorcios"
"2798858.000000","GOVESA ADMINISTRADORA DE CONSORCIOS LTDA","1ª AVEN QD 01B LT 14 MEZANINO ED. GOVESA  I","CONDOMINIO CIDADE EMPRESARIAL","CIDADE  VERA CRUZ","74935900.000000","APARECIDA DE GOIANIA","GO","62.000000","32385000.000000",NA,"HTTP://WWW.GOVESA.COM.BR","2008","04","consorcios"
"3482329.000000","TURIMCAR ADMINISTRADORA DE CONSORCIOS SC LTDA","RUA CEL. APOLINÁRIO PEREIRA, 426",NA,"CENTRO","88900000.000000","CRICIUMA","SC","48.000000","35210101.000000","ALESSANDRA@TURIMCAR.COM.BR",NA,"2008","04","consorcios"
"3658697.000000","CONSORCIO NACIONAL SANTA IGNEZ S/C LTDA - IMPEDIDA CRIAR NOVOS GRUPOS","CLN 408, LOTE 4, BLOCO B, LOJA 54",NA,"ASA NORTE","70856520.000000","BRASILIA","DF","61.000000","33409600.000000",NA,NA,"2008","04","consorcios"
"3658614.000000","CONSÓRCIO NACIONAL SUDAMÉRICA LTDA.","RUA RODOLFO FREYGANG 15","4º ANDAR","CENTRO","89010060.000000","BLUMENAU","SC","47.000000","32313433.000000","MARCIO@SUDAMERICA.COM.BR","WWW.SUDAMERICA.COM.BR","2008","04","consorcios"
"3619611.000000","NABHAN ADMINISTRADORA DE CONSORCIOS S/C LTDA","AV. BRASILIA, 1701 - SALA 01",NA,"RODOCENTRO","86070020.000000","LONDRINA","PR","43.000000","33771212.000000","METRO@GRUPOMETRONORTE.COM.BR",NA,"2008","04","consorcios"
"4058605.000000","SOLUÇÃO ADMINISTRADORA DE CONSÓRCIOS LTDA.","AV. FRANCISCO LACERDA DE AGUIAR","Nº 32 - LOJA B","GILBERTO MACHADO","29303300.000000","CACHOEIRO DE ITAPEMIRIM","ES","28.000000","35265525.000000","SAC@CONSORCIOSOLUCAO.COM.BR",NA,"2008","04","consorcios"
"643742.000000","FUNDACAO HABITACIONAL DO EXERCITO - FHE","ESPLANADA DOS MINISTERIOS BLOCO O ANEXO I","EXERCITO BRASILEIRO","ESPLANADA MINIST.","70052900.000000","BRASILIA","DF","61.000000","33147621.000000",NA,NA,"2008","04","consorcios"
"2475267.000000","CONSORCIO ALIANCA NACIONAL S/C LTDA - IMPEDIDA CRIAR NOVOS GRUPOS","RUA 1 - QUADRA 2 - 2 ANDAR - ED. SERRA DOURADA",NA,"CIDADE JARDIM","75080690.000000","ANAPOLIS","GO","62.000000","3243054.000000",NA,NA,"2008","04","consorcios"
"2010478.000000","BANCORBRAS ADMINISTRADORA DE CONSORCIOS LTDA","SCS QUADRA 4, BLOCO A, N. 230, 4. ANDAR",NA,"ASA SUL","70351000.000000","BRASILIA","DF","61.000000","3147100.000000",NA,"WWWBANCORBRAS.COM.BR","2008","04","consorcios"
"3776836.000000","ADMINISTRADORA DE CONSORCIOS SAPEMA LTDA.","RUA WILLY BARTH, 4361/A",NA,"CENTRO","89900000.000000","SAO MIGUEL D'OESTE","SC","49.000000","36211833.000000","CONSORCIO@SAPEMA.COM.BR",NA,"2008","04","consorcios"
"4124922.000000","MULTIMARCAS ADMINISTRADORA DE CONSORCIOS LTDA.","AV AMAZONAS Nº 126",NA,"CENTRO","30180001.000000","BELO HORIZONTE","MG","31.000000","30361666.000000","MULTIMARCAS@MULTIMARCASCONSORCIOS.COM.BR","WWW.MULTIMARCASCONSORCIOS.COM.BR","2008","04","consorcios"
"266031.000000","CICAL ADMINISTRADORA DE CONSORCIOS LTDA","AV. ANHANGUERA,3559","SUBSOLO","SETOR UNIVERS. LESTE","74610010.000000","GOIANIA","GO","62.000000","36077000.000000","CONSORCIO@CICAL.COM.BR",NA,"2008","04","consorcios"
"469429.000000","BRASAL ADMINISTRADORA DE CONSÓRCIOS LTDA.","QS 01 RUA 212 LOTES 5,7 E 9 BL. B",NA,"AGUAS CLARAS","71200020.000000","BRASILIA","DF","61.000000","30349107.000000","CONSORCIO@BRASAL.COM.BR","BRASAL.COM.BR","2008","04","consorcios"
"4250224.000000","CONSÓRCIO MAGGI LTDA.","AV DR. OCTAVIANO PEREIRA MENDES, 1100 - SL 03",NA,"CENTRO","13301000.000000","ITU","SP","11.000000","40138300.000000","MAGGIVEICULOS@EMPRESASMAGGI.COM.BR","WWW.EMPRESASMAGGI.COM.BR","2008","04","consorcios"
"3403333.000000","IRMAOS DE MARCO ADMINISTRADORA DE CONSORCIOS S/C LTDA.","MARECHAL DEODORO, 106-D, SALA07",NA,"CENTRO","89801060.000000","CHAPECO","SC","49.000000","33223388.000000","CONSORCIO@SANTAPEDRA.COM.BR",NA,"2008","04","consorcios"
"3560492.000000","OSAUTO ADMINISTRADORA DE CONSORCIOS LTDA.","RUA SETE DE SETEMBRO, 81","PREDIO","CENTRO","95520000.000000","OSORIO","RS","51.000000","36639100.000000","OSAUTORS@TERRA.COM.BR",NA,"2008","04","consorcios"
"3762395.000000","BRENNER ADMINISTRADORA DE CONSORCIO LTDA","RUA:BARAO DO TRIUNFO, 129",NA,"AMERICANO","95900000.000000","LAJEADO","RS","51.000000","37101200.000000","BRENNERCONSORCIO@ADBRENNER.COM.BR",NA,"2008","04","consorcios"
"46006482.000000","IDEROL ADMINISTRAÇÃO DE BENS E CONSÓRCIO LTDA. - IMPEDIDA CRIAR NOVOS GRUPOS","RUA JOÃO GONÇALVES, 267 - 2º ANDAR",NA,"CENTRO","7010010.000000","GUARULHOS","SP","11.000000","64610779.000000","CONSORCIOIDEROL@UOL.COM.BR",NA,"2008","04","consorcios"
"45030236.000000","BAURU ADMINISTRADORA DE CONSÓRCIOS LTDA","AV.NAÇÕES UNIDAS 16-16","SALA 2","VILA SANTO ANTONIO","17013035.000000","BAURU","SP","14.000000","40094502.000000","ATENDIMENTO@PBCON.COM.BR","WWW.PBCON.COM.BR","2008","04","consorcios"
"54725288.000000","AURI-VERDE ADMINISTRADORA DE BENS S/C LTDA - IMPEDIDA CRIAR NOVOS GRUPOS","AV. PADRE JOAQUIM NONATO, 818-A",NA,"CENTRO","64390000.000000","DEMERVAL LOBAO","PI","86.000000","32229971.000000","LINDALVAGOES@IG.COM.BR",NA,"2008","04","consorcios"
"46206611.000000","SANMELL - ADMINISTRADORA DE CONSORCIOS LTDA","R CARVALHO DE MENDONCA, 149",NA,"ENCRUZILHADA","11070100.000000","SANTOS","SP","13.000000","32260006.000000","CONSORCIO@SANMELL.COM.BR","WWW.SANMELL.COM.BR","2008","04","consorcios"
"45039542.000000","ALTA ADMINISTRACAO DE CONSORCIO S/C LTDA","RUA DA GLORIA, 474",NA,"LIBERDADE","1510000.000000","SAO PAULO","SP","11.000000","32072000.000000","ALTACON@ALTAVEICULOS.COM.BR",NA,"2008","04","consorcios"
"44877447.000000","MARTINELLI DE SERVICOS S/C LTDA - IMPEDIDA CRIAR NOVOS GRUPOS","R OTONIEL MOTA, 56",NA,"JARDIM PAULISTA","1433040.000000","SAO PAULO","SP","11.000000","38849597.000000",NA,NA,"2008","04","consorcios"
"60375243.000000","ANCORA ADMINISTRADORA DE CONSORCIOS LIMITADA","R PROFESSOR GERALDO FORONI, 1157",NA,"VILA MONTEIRO","14401024.000000","FRANCA","SP","16.000000","37212227.000000","ANCORA@ANCORACONSORCIOS.COM.BR","WWW.ANCORACONSORCIOS.COM.BR","2008","04","consorcios"
"45793684.000000","CONSORCIO FIORELLI ADMINISTRACAO DE BENS S/C LTDA - IMPEDIDA CRIAR NOVOS GRUPOS","RUA MARTINI, 193",NA,"VILA JAU","8559030.000000","POA","SP","11.000000","61403510.000000","CONSORCIO@FIORELLI.COM.BR","WWW.FIORELLI.COM.BR","2008","04","consorcios"
"45793395.000000","CONSORCIO NACIONAL MASSEY FERGUSON LTDA","AV DR OCTAVIANO PEREIRA MENDES, 835",NA,"CENTRO","13301000.000000","ITU","SP","11.000000","40229900.000000","CONSORCIO@CNMF.COM.BR","WWW.CNMF.COM.BR","2008","04","consorcios"
"45443322.000000","CONSÓRCIO NACIONAL BRASTEMP LTDA.","RUA MANOEL COELHO, 600 - 2 ANDAR, SALA 244",NA,"CENTRO","9510101.000000","SAO CAETANO DO SUL","SP","11.000000","42240000.000000",NA,NA,"2008","04","consorcios"
"45594223.000000","VEMAR ADMINISTRADORA LTDA","AV. BRAZ LEME, 2885",NA,"SANTANA","2022011.000000","SAO PAULO","SP","11.000000","69904250.000000","ADMINISTRACAO@VEMAR.COM.BR",NA,"2008","04","consorcios"
"72461643.000000","CAMVEL ADMINISTRADORA DE CONSÓRCIOS LTDA.","RUA EXPEDICIONÁRIO ALEIXO MABA, 60",NA,"BARRA DO RIO","88305360.000000","ITAJAI","SC","47.000000","33419110.000000","CONSORCIO@PROMENAC.COM.BR","PROMENAC.COM.BR/CONSORCIO","2008","04","consorcios"
"45713971.000000","UNIBANCO RODOBENS ADMINISTRADORA DE CONSORCIOS LTDA","RUA HUMBERTO SANITA, 25","SALA 02","JARDIM PROGRESSO","15890000.000000","UCHOA","SP","17.000000","21363666.000000","PSANTOS@RODOBENS.COM.BR","UNIBANCO.COM.BR","2008","04","consorcios"
"45725975.000000","FINAMA ADMINISTRADORA DE CONSORCIO LTDA","RUA LUIZ VAZ DE CAMOES, 2959",NA,"REDENTORA","15015750.000000","SAO JOSE DO RIO PRETO","SP","17.000000","21364000.000000","FINAMRP@TERRA.COM.BR","WWW.CONSORCIOFINAMA.COM.BR","2008","04","consorcios"
"60732997.000000","UNIFISA ADMINISTRADORA NACIONAL DE CONSORCIOS LTDA","AV.PROFESSOR FRANCISCO MORATO, 780",NA,"BUTANTA","5512000.000000","SAO PAULO","SP","11.000000","30392300.000000","CONTABILIDADE@UNIFISA.COM.BR","WWW.UNIFISA.COM.BR","2008","04","consorcios"
"60250776.000000","LUIZA ADMINISTRADORA DE CONSÓRCIOS LTDA","R VOLUNTARIOS DA FRANCA, 1311",NA,"CENTRO","14400490.000000","FRANCA","SP","16.000000","37111122.000000","CNLUIZA@CONSORCIOLUIZA.COM.BR","WWW.CONSORCIOLUIZA.COM.BR","2008","04","consorcios"
"60241809.000000","HSBC (BRASIL) ADMINISTRADORA DE CONSÓRCIO LTDA.","TRAVESSA OLIVEIRA BELLO Nº 34","2º ANDAR","CENTRO","80020030.000000","CURITIBA","PR","41.000000","37776191.000000","CONSORCIO@HSBC.COM.BR","WWW.HSBC.COM.BR","2008","04","consorcios"
"45441789.000000","CONSÓRCIO NACIONAL HONDA LTDA.","AV. DR. AUGUSTO DE TOLEDO, 493/495",NA,"SANTA PAULA","9541520.000000","SAO CAETANO DO SUL","SP","11.000000","42277580.000000","CONTABILIDADE@HONDABR.COM.BR",NA,"2008","04","consorcios"
"73516106.000000","HERVAL ADMINISTRADORA DE CONSORCIOS LTDA","RODOVIA BR 116, KM 224,  Nº 7070",NA,"PORTAL DA SERRA","93950000.000000","DOIS IRMAOS","RS","51.000000","35648400.000000","CONSORCIO@HERVAL.COM.BR","HERVAL@HERVAL.COM.BR","2008","04","consorcios"
"61606976.000000","CNDP - DPASCHOAL ADMINISTRADORA DE CONSÓRCIO LTDA.","AV.VINTE E NOVE DE ABRIL, 257-SALA 2",NA,"CENTRO","13250000.000000","ITATIBA","SP","19.000000","7288316.000000",NA,NA,"2008","04","consorcios"
"61571048.000000","ITACOLOMY ADMINISTRADORA DE CONSÓRCIOS LTDA","RUA DR. JORGE TIBIRIÇÁ, 672",NA,"VILA MARIANA","4126001.000000","SAO PAULO","SP","11.000000","55492046.000000","ITACOLOMY@ITACOLOMYCONSORCIOS.COM.BR","WWW.ITACOLOMYCONSORCIOS.COM.BR","2008","04","consorcios"
"61555512.000000","ADMINISTRADORA DE CONSÓRCIO BORBA GATO LTDA","AV. ENG. LUIS CARLOS BERRINI, 962 - 4º ANDAR",NA,"BROOKLIN NOVO","4571000.000000","SAO PAULO","SP","11.000000","35315100.000000","GERENCIA@CONSORCIOBORBAGATO.COM.BR","WWW.CONSORCIOBORBAGATO.COM.BR","2008","04","consorcios"
"55489553.000000","CONSAVEL ADMINISTRADORA DE CONSORCIOS LTDA","AVENIDA IBIRAPUERA, 1983",NA,"MOEMA","4029100.000000","SAO PAULO","SP","11.000000","50551400.000000","CONSAVEL@CONSAVEL.COM.BR","CONSAVEL.COM.BR","2008","04","consorcios"
"61550836.000000","COOPERATIVA MISTA JOCKEY CLUB DE SAO PAULO","RUA ROMAO GOMES, 389",NA,"BUTANTA","5502030.000000","SAO PAULO","SP","11.000000","38123171.000000","COOPJOCKEY@UOL.COM.BR","WWW.COOPJOCKEYCLUBSP.COM.BR","2008","04","consorcios"
"61395653.000000","MARCCON CONSORCIO NACIONAL SC LTDA - IMPEDIDA CRIAR NOVOS GRUPOS","RUA MARCONI, 48","1º ANDAR  -CJ 11","CENTRO","1047000.000000","SAO PAULO","SP","11.000000","32559270.000000",NA,NA,"2008","04","consorcios"
"61950473.000000","SOFICAR LTDA. - IMPEDIDA CRIAR NOVOS GRUPOS","AV NOVA CANTAREIRA,1984 - CJ 51-5 ANDAR",NA,"TUCURUVI","2330003.000000","SAO PAULO","SP","11.000000","62624888.000000",NA,NA,"2008","04","consorcios"
"67188151.000000","REDIF ADMINISTRADORA DE CONSÓRCIOS LTDA","ALAMEDA DOS NHAMBIQUARAS, 747","1º ANDAR - CONJUNTO 03 - SALA C","MOEMA","4090011.000000","SAO PAULO","SP","11.000000","50526250.000000","REDIF@REDIF.COM.BR","WWW.REDIF.COM.BR","2008","04","consorcios"
"55492284.000000","UNICOF ADMINISTRADORA DE CONSORCIO LTDA.","RUA EDWARD JOSEPH, 33",NA,"VILA SUZANA","5709020.000000","SAO PAULO","SP","11.000000","35896218.000000","UNICOF@UOL.COM.BR",NA,"2008","04","consorcios"
"62154240.000000","CAMARGO SOARES EMPREENDIMENTOS LTDA - IMPEDIDA CRIAR NOVOS GRUPOS","R.TREZE DE MAIO, 1100-1 AND. CJ.12",NA,"BELA VISTA","1327000.000000","SAO PAULO","SP","11.000000","32514555.000000",NA,NA,"2008","04","consorcios"
"73730533.000000","JAMARI ADMINISTRADORA DE CONSÓRCIOS LTDA.","RUA CONSELHEIRO CARRAO, 851",NA,"HUGO LANGE","80040130.000000","CURITIBA","PR","41.000000","30773838.000000","CONSORCIO@PAVEMA.COM.BR","WWW.CONSORCIOPAVEMA.COM.BR","2008","04","consorcios"
"55754519.000000","COLAFERRO CONSORCIO S/C LTDA - IMPEDIDA CRIAR NOVOS GRUPOS","AV DO FICO, 2000",NA,"JARDIM IPANEMA","16062280.000000","ARACATUBA","SP","18.000000","6202000.000000",NA,NA,"2008","04","consorcios"
"44479061.000000","FRA-FREIRE ADMINISTRADORA DE CONSÓRCIOS LTDA.","RUA XV DE NOVEMBRO, 740",NA,"CENTRO","17500050.000000","MARILIA","SP","14.000000","34322020.000000","FRA-FREIRE@TERRA.COM.BR",NA,"2008","04","consorcios"
"44196293.000000","CONSHOP ADMINISTRADORA DE CONSORCIOS LTDA.","PRACA ENGENHEIRO ROLDAO DOS SANTOS FERREIRA,167",NA,"PARAISO","9190700.000000","SANTO ANDRE","SP","11.000000","44228000.000000","CONSHOPADM@CONSHOP.COM.BR",NA,"2008","04","consorcios"
"54794003.000000","VIANA ADMINISTRADORA DE CONSORCIOS S/C LTDA","AV. GUARULHOS Nº 4.457","SALA 12","PONTE GRANDE","7031001.000000","GUARULHOS","SP","11.000000","50529550.000000",NA,NA,"2008","04","consorcios"
"60835808.000000","CONSORCIO MORUMBI MOTOR S/C LTDA","RUA BRANCO DE MORAIS Nº 248","CJ. 23","CHÁCARA STO. ANTONIO","4718010.000000","SAO PAULO","SP","11.000000","51827278.000000","USEAUTO@ACLNET.COM.BR",NA,"2008","04","consorcios"
"44385334.000000","JANDIMEX ADMINISTRADORA NACIONAL DE CONSORCIOS S/C LTDA - IMPEDIDA CRIAR NOVOS GRUPOS","R. OLÍMPIA DE ALMEIDA PRADO, 37",NA,"BARRA FUNDA","1151010.000000","SAO PAULO","SP","11.000000","38242400.000000",NA,NA,"2008","04","consorcios"
"73235962.000000","CONSÓRCIO BREITKOPF LTDA.","RUA SAO PAULO, 2001",NA,"CENTRO","89012001.000000","BLUMENAU","SC","47.000000","32312000.000000","BREITKOPF@BREITKOPF.COM.BR","WWW.BREITKOPF.COM.BR","2008","04","consorcios"
"55358550.000000","NEVOEIRO ADMINISTRADORA DE BENS S/C LTDA - IMPEDIDA CRIAR NOVOS GRUPOS","AV. 5, NR. 575",NA,"CENTRO","13500380.000000","RIO CLARO","SP","19.000000","5249882.000000",NA,NA,"2008","04","consorcios"
"55033344.000000","SAO BERNARDO ADMINISTRADORA DE CONSORCIOS LTDA","AV. MARIA SERVIDEI DEMARCHI, 1015",NA,"DEMARCHI","9820000.000000","SAO BERNARDO DO CAMPO","SP","11.000000","55825173.000000","NÃO TEM","NÃO TEM","2008","04","consorcios"
"62246228.000000","REDENCAO ADMINISTRADORA DE BENS S/C LTDA","AV. PRUDENTE DE MORAIS, 3398-A",NA,"LAGOA NOVA","59054700.000000","NATAL","RN","84.000000","40053333.000000","CONSORCIO.CONTABIL@REDENCAO.COM.BR",NA,"2008","04","consorcios"
"62374020.000000","FEDERAÇÃO DAS COOPERATIVAS DE CONSUMO DOS FUNCIONÁRIOS DO BANCO DO BRASIL","AV. ENG. LUIS GOMES CARDIN SANGIRARDI, 252","PISO SUPERIOR","VILA MARIANA","4112080.000000","SAO PAULO","SP","11.000000","55392199.000000","FECOB@UOL.COM.BR","WWW.FECOB.COM.BR","2008","04","consorcios"
"44474674.000000","COMAUTO CONSORCIO MARILIENSE DE AUTOMOVEIS LTDA","RUA XV DE NOVEMBRO, 2965",NA,"SOMENZARI","17506020.000000","MARILIA","SP","14.000000","34132393.000000","COMAUTOCNJ@COMAUTO.COM.BR","WWW.COMAUTO.COM.BR","2008","04","consorcios"
"72130677.000000","AUTOVALE ADMINISTRADORA DE CONSORCIO S/C LTDA","RUA FERNADO MACHADO 87 - SALA 103","EDIFICIO NEAMAM EL WARD","CENTRO","89500000.000000","CACADOR","SC","49.000000","35670309.000000","AUTOVALE@CONSORCIOAUTOVALE.COM.BR",NA,"2008","04","consorcios"
"44495851.000000","TEVECAR ADMINISTRADORA DE CONSORCIOS S/C LTDA - IMPEDIDA CRIAR NOVOS GRUPOS","AV. CÁSPER LÍBERO, 390","6º ANDAR - CONJ. 606","CENTRO","1033000.000000","SAO PAULO","SP","11.000000","33261243.000000",NA,NA,"2008","04","consorcios"
"60532157.000000","ADETEC ADMINISTRAÇÃO E SERVIÇOS LTDA.","CALCADA DAS GARDENIAS, 02",NA,"CENTRO COM ALPHAVILE","6453050.000000","BARUERI","SP","11.000000","32575333.000000","ADETEC@ADETEC.COM.BR","WWW.ADETEC.COM.BR","2008","04","consorcios"
"55794929.000000","CONSOPAVE ADMINISTRADORA DE CONSORCIOS S/C LTDA - IMPEDIDA CRIAR NOVOS GRUPOS","CALCADA DOS CRISANTEMOS, 10, TERREO",NA,"ALPHAVILLE","6407160.000000","BARUERI","SP","11.000000","41912594.000000",NA,NA,"2008","04","consorcios"
"73230674.000000","ADMINISTRADORA DE CONSÓRCIO RENAULT DO BRASIL LTDA.","AVENIDA RENAULT , 1300",NA,"BORDA DO CAMPO","83070900.000000","SAO JOSE DOS PINHAIS","PR","41.000000","30251474.000000","DALMO.MILLEO@RCIBANQUE.COM","WWW.CONSORCIORENAULT.COM.BR","2008","04","consorcios"
"44189835.000000","SAVE VEICULOS LTDA. - IMPEDIDA CRIAR NOVOS GRUPOS","AV. DOS AUTONOMISTAS, 1001",NA,"VILA YARA","6020015.000000","OSASCO","SP","11.000000","36897500.000000",NA,NA,"2008","04","consorcios"
"65139156.000000","CONSORCIO NACIONAL MOTORBEL LTDA","AV. EDMEIA MATOS LAZZAROTTI,999",NA,"ANGOLA","32630080.000000","BETIM","MG","31.000000","34898300.000000",NA,NA,"2008","04","consorcios"
"64476807.000000","CONSÓRCIO NACIONAL MOTOMAX LTDA","AVENIDA CAPITÃO BORGES, 100","2º PISO, SALAS 8 E 9","CENTRO","38190000.000000","SACRAMENTO","MG","34.000000","33512435.000000","CONSORCIO.MOTOMAX@TERRA.COM.BR",NA,"2008","04","consorcios"
"50603067.000000","CARMOTO ADMINISTRADORA DE BENS LTDA.","AV NOVE DE JULHO, 1061",NA,"VILA DAS ACACIAS","8557100.000000","POA","SP","11.000000","47958359.000000","CARMOTO@UOL.COM.BR","WWW.CONSORCIOCARMOTO.COM.BR","2008","04","consorcios"
"50647296.000000","CONPROF ADMINISTRADORA DE CONSÓRCIO LTDA.","AVENIDA GOIÁS, 255","TÉRREO","CENTRO","9521310.000000","SAO CAETANO DO SUL","SP","11.000000","42284666.000000",NA,"WWW.CONPROF.COM.BR","2008","04","consorcios"
"50827237.000000","CONFIA ADMINISTRADORA DE CONSÓRCIO LTDA.","AV PEREIRA DA SILVA, 997","JD SANTA ROSALIA","SANTA ROSALIA","18095340.000000","SOROCABA","SP","15.000000","32127790.000000","CONFIA@CONFIACONSORCIO.COM.BR","WWW.CONFIACONSORCIO.COM.BR","2008","04","consorcios"
"69273308.000000","AGRABEN ADMINISTRADORA DE CONSÓRCIO LTDA","RUA MAJOR REHDER, 130",NA,"VILA REDHER","13465390.000000","AMERICANA","SP","19.000000","34758101.000000","CONTABIL@AGRABEN.COM.BR","WWW.AGRABEN.COM.BR","2008","04","consorcios"
"58160847.000000","BARALT ADMINISTRADORA DE CONSORCIOS S/C LTDA - IMPEDIDA CRIAR NOVOS GRUPOS","AV. PEREIRA BARRETO, 1000",NA,"VILA BAETA NEVES","9751000.000000","SAO BERNARDO DO CAMPO","SP","11.000000","43900713.000000",NA,NA,"2008","04","consorcios"
"51260933.000000","GUARUMOTO ADMINISTRACAO DE CONSORCIOS S/C LTDA","AV ESPERANCA, 310",NA,"CENTRO","7095005.000000","GUARULHOS","SP","11.000000","64433077.000000","GUARUMOTO@UOL.COM.BR",NA,"2008","04","consorcios"
"64479991.000000","SUPER CONSÓRCIO MINAUTO LTDA","AV.ANTONIO PAULINO FERREIRA ,400-A","1º ANDAR","SAO JOSE","35519000.000000","NOVA SERRANA","MG","37.000000","32293200.000000",NA,NA,"2008","04","consorcios"
"51511178.000000","DISBAUTO ADMINISTRADORA DE CONSORCIO SC LTDA","R SETE DE SETEMBRO, 442",NA,"CENTRO","18689000.000000","BOREBI","SP","14.000000","32333333.000000",NA,NA,"2008","04","consorcios"
"51521813.000000","CONSÓRCIO PORTOFELICENSE S/C LTDA","RUA MARECHAL DEODORO, 131",NA,"CENTRO","18600320.000000","BOTUCATU","SP","14.000000","38222460.000000",NA,NA,"2008","04","consorcios"
"51597300.000000","ABC PRIMO ROSSI ADMINISTRADORA DE CONSÓRCIO LTDA.","CALCADA DAS MARGARIDAS, 191","C.V 526","ALPHAVILLE","6453038.000000","BARUERI","SP","11.000000","60991151.000000",NA,NA,"2008","04","consorcios"
"51827038.000000","RIBEIRÃO DIESEL ADMINISTRADORA DE CONSÓRCIOS LTDA","AV.PRESIDENTE CASTELO BRANCO 51","SALAS 6 E 7","CASTELO BRANCO NOVO","14095000.000000","RIBEIRAO PRETO","SP","16.000000","21020505.000000","ADM@CONSORCIORDIESEL.COM.BR","WWW.CONSORCIORDIESEL.COM.BR","2008","04","consorcios"
"51855716.000000","RODOBENS ADMINISTRADORA DE CONSÓRCIOS LTDA.","AV. MURCHID HOMSI, 1404",NA,"VILA DINIZ","15013000.000000","SAO JOSE DO RIO PRETO","SP","17.000000","21363666.000000","COMITE@RODOBENS.COM.BR","RODOBENS.COM.BR","2008","04","consorcios"
"47162136.000000","CONSORTEC ADMINISTRADORA DE CONSORCIOS LTDA","RUA CATÃO, 732",NA,"LAPA","5049000.000000","SAO PAULO","SP","11.000000","38748039.000000","ADMINISTRACAO@CONSORTEC.COM.BR","WWW.CONSORTEC.COM.BR","2008","04","consorcios"
"53215331.000000","AUFER AUTO FINANCIAMENTO S/C LTDA - IMPEDIDA CRIAR NOVOS GRUPOS","R ANTONIO DE GODOY, 2643",NA,"CENTRO","15015100.000000","SAO JOSE DO RIO PRETO","SP","17.000000","2331088.000000",NA,NA,"2008","04","consorcios"
"68318773.000000","CANOPUS ADMINISTRADORA DE CONSORCIOS LTDA.","AV. FERNANDO CORREA DA COSTA, 1944","SOBRE LOJA","JARDIM KENNEDY","78065000.000000","CUIABA","MT","65.000000","21236000.000000","CONTABILIDADE.CNC@GRUPOCANOPUS.COM.BR","CONSORCIONACIONALCANOPUS.COM.BR","2008","04","consorcios"
"66234618.000000","REMAC ADMINISTRADORA DE CONSORCIO LTDA.","AV. BRASIL, 3.480",NA,"CENTRO","35010070.000000","GOVERNADOR VALADARES","MG","33.000000","32124100.000000","CONREMAC@CONREMAC.COM.BR","WWW.CONREMAC.COM.BR","2008","04","consorcios"
"66229071.000000","CONSORCIO VERONA LTDA","AVENIDA PIRACICABA, 188/230",NA,"ILHA DOS ARAUJOS","35020430.000000","GOVERNADOR VALADARES","MG","33.000000","32791000.000000","VERONA@WKVE.COM.BR",NA,"2008","04","consorcios"
"66228966.000000","KAMEL ADMINISTRADORA DE CONSÓRCIOS LTDA","AVENIDA AMAZONAS, 1705","SALA 01","BAIRRO AMAZONAS","38180084.000000","ARAXA","MG","34.000000","36623700.000000","CONSORCIOKAMEL@TERRA.COM.BR",NA,"2008","04","consorcios"
"57723801.000000","CONSÓRCIO NACIONAL SUZUKI MOTOS LTDA.","AV. PREFEITO LUIZ LATORRE, 4.950","1.º ANDAR","JD. DAS HORTÊNSIAS","13209430.000000","JUNDIAI","SP","11.000000","33783000.000000","CONSORCIO@SUZUKIMOTOS.COM.BR","WWW.SUZUKIMOTOS.COM.BR","2008","04","consorcios"
"64483852.000000","LIDERANÇA CONSÓRCIOS LTDA","RUA ESPIRITO SANTO, 560 - SALA 101",NA,"CENTRO","35500030.000000","DIVINOPOLIS","MG","37.000000","36912269.000000","LIDCONSO@VELOXMAIL.COM.BR",NA,"2008","04","consorcios"
"57854994.000000","HORIZONTE ADMINISTRACAO DE CONSORCIOS S/C LTDA","RUA CORONEL SOUZA FRANCO, 116",NA,"CENTRO","8710020.000000","MOGI DAS CRUZES","SP","11.000000","47992441.000000",NA,NA,"2008","04","consorcios"
"58113812.000000","EMBRACON ADMINISTRADORA DE CONSÓRCIO LTDA","CALÇADA DAS HORTÊNCIAS Nº 58",NA,"ALPHAVILLE","6453017.000000","BARUERI","SP","11.000000","21995700.000000","EMBRACON@EMBRACON.COM.BR","WWW.EMBRACON.COM.BR","2008","04","consorcios"
"53211488.000000","TARRAF ADMINISTRADORA DE CONSÓRCIOS LTDA.","AV: BADY BASSITT,  4875",NA,"VILA IMPERIAL","15015700.000000","SAO JOSE DO RIO PRETO","SP","17.000000","21369766.000000","SAC@CONSORCIOTARRAF.COM.BR","WWW.CONSORCIOTARRAF.COM.BR","2008","04","consorcios"
"66492687.000000","ADMINISTRADORA DE CONSÓRCIOS AMANTINI LTDA.","RUA CONSELHEIRO ANTONIO PRADO, 3-22",NA,"CENTRO","17015380.000000","BAURU","SP","14.000000","21064804.000000","AMANTINICONSORCIOS@AMANTINICONSORCIOS.COM.BR","HTTP://WWW.AMANTINICONSORCIOS.COM.BR","2008","04","consorcios"
"52640216.000000","CONSÓRCIO NACIONAL VIPCON LTDA","AVENIDA SANTO AMARO, 4800 - S/LOJA",NA,"BROOKLIN","4702000.000000","SAO PAULO","SP","11.000000","55385005.000000","CONTATO@VIPCON.COM.BR","WWW.VIPCON.COM.BR","2008","04","consorcios"
"52568821.000000","BRADESCO ADMINISTRADORA DE CONSÓRCIOS LTDA.","CIDADE DE DEUS, S/N",NA,"VILA YARA","6029900.000000","OSASCO","SP","11.000000","36842685.000000","4260.GUILHERME@BRADESCO.COM.BR",NA,"2008","04","consorcios"
"65146219.000000","CONSORCIO TENDA LTDA - IMPEDIDA CRIAR NOVOS GRUPOS","AV. ANTONIO CARLOS, 8100","ADMINISTRAÇÃO","SÃO LUIS","31270000.000000","BELO HORIZONTE","MG","31.000000","34913829.000000","ROSEBONON@TERRA.COM.BR E JCTENDA@TERRA.COM.BR",NA,"2008","04","consorcios"
"50533876.000000","PANAMERICANO ADMINISTRADORA DE CONSÓRCIO LTDA","AV MARECHAL DEODORO, 650",NA,"CENTRO","9710000.000000","SAO BERNARDO DO CAMPO","SP","11.000000","21925256.000000","JPITOL@PANAMERICANO.COM.BR","WWW.PANAMERICANO.COM.BR","2008","04","consorcios"
"57812422.000000","SAVANNA CONSORCIOS S/C LTDA - IMPEDIDA CRIAR NOVOS GRUPOS","R PADRE ADELINO, 2074, 1 AND CJ 12",NA,"TATUAPE","3303000.000000","SAO PAULO","SP","11.000000","8726699.000000",NA,NA,"2008","04","consorcios"
"59395061.000000","DISAL ADMINISTRADORA DE CONSÓRCIOS LTDA","AV JOSE MARIA WHITAKER 990",NA,"PLANALTO PAULISTA","4057000.000000","SAO PAULO","SP","11.000000","50795050.000000","ELOBAT@GRUPODISAL.COM.BR","WWW.GRUPODISAL.COM.BR","2008","04","consorcios"
"50586247.000000","UNIAO NACIONAL DOS AUDITORES FISCAIS DO TESOURO NACIONAL - SAO PAULO","AV. IPIRANGA, 1267","13. ANDAR","CENTRO","1039907.000000","SAO PAULO","SP","11.000000","32284766.000000","UNAFISCOSP@UNAFISCO-SP.ORG.BR","HTTP://WWW.UNAFISCO-SP.ORG.BR","2008","04","consorcios"
"55942312.000000","ABN AMRO REAL ADMINISTRADORA DE CONSÓRCIO LTDA.","RUA DOUTOR RENATO PAES DE BARROS","750 - 15º ANDAR","ITAIM","4530001.000000","SAO PAULO","SP","11.000000","30743021.000000","SOCIETARIO.BRAZIL@BR.ABNAMRO.COM","WWW.ARAGUAI.COM.BR","2008","04","consorcios"
"47820097.000000","GAPLAN ADMINISTRADORA DE BENS LTDA.","AVENIDA ANTONIO GAZZOLA, 1001","11º ANDAR","JARDIM NOVO ITU","13301916.000000","ITU","SP","11.000000","40231001.000000","MARCO_CONTABILIDADE@GAPLAN.COM.BR","WWW.GAPLAN.COM.BR","2008","04","consorcios"
"47658539.000000","CONSÓRCIO NACIONAL VOLKSWAGEN - ADMINISTRADORA DE CONSÓRCIO LTDA.","RUA VOLKSWAGEN, 291",NA,"PARQUE JABAQUARA","4344900.000000","SAO PAULO","SP","11.000000","55825173.000000","SHIGUEMI.NAGATA@VOLKSWAGEN.COM.BR","WWW.CNVW.COM.BR","2008","04","consorcios"
"47458153.000000","YAMAHA ADMINISTRADORA DE CONSÓRCIO LTDA.","RODOVIA PRESIDENTE DUTRA, KM 214",NA,"JARDIM CUMBICA","7183903.000000","GUARULHOS","SP","11.000000","64316008.000000",NA,NA,"2008","04","consorcios"
"67358382.000000","CEM ADMINISTRADORA DE CONSÓRCIOS LTDA.","ROD ENG ERMENIO DE OLIVEIRA PENTEADO","KM 46 - SALA 07","JOANA LEITE","13322100.000000","SALTO","SP","11.000000","40289420.000000","CONSORC@LOJASCEM.COM.BR",NA,"2008","04","consorcios"
"62798475.000000","KASINSKI ADMINISTRADORA DE CONSÓRCIO LTDA.","VIA ANCHIETA, 1871","VILA BANDEIRANTES","VILA BANDEIRANTES","4247002.000000","SAO PAULO","SP","11.000000","69488000.000000","KASINSKI@CNK.COM.BR","WWW.KASINSKI.COM.BR","2008","04","consorcios"
"48699607.000000","GUARUJÁ VEÍCULOS ADMINISTRADORA DE CONSÓRCIOS LTDA - IMPEDIDA CRIAR NOVOS GRUPOS","AV.ADHEMAR DE BARROS","1660","JARDIM SANTA MARIA","11430002.000000","SANTOS","SP","13.000000","33899000.000000","CONSOR@TERRA.COM.BR",NA,"2008","04","consorcios"
"62354055.000000","REMAZA NOVATERRA ADMINISTRADORA DE CONSÓRCIO LTDA","RUA PEDROSO, 407-TERREO-1./3.ANDARES",NA,"LIBERDADE","1322060.000000","SAO PAULO","SP","11.000000","32849155.000000",NA,NA,"2008","04","consorcios"
"59956185.000000","TRADIÇÃO ADMINISTRADORA DE CONSÓRCIO LTDA.","ALAMEDA ARAGUAIA , 3327-D",NA,"DISTRITO IND TAMBORE","6455000.000000","BARUERI","SP","11.000000","21034800.000000",NA,NA,"2008","04","consorcios"
"46931655.000000","CONSORCIO NACIONAL PROESTE-DIVELPA LTDA","AVENIDA PAPA JOAO PAULO II , 59",NA,"CENTRO","18681040.000000","TANABI","SP","14.000000","32693050.000000","PRODIVE@LPNET.COM.BR",NA,"2008","04","consorcios"
"46709622.000000","SANTA EMILIA EMPREENDIMENTOS E ADMINISTRAÇÃO LTDA.","RUA JOAQUIM NABUCO, 584 FUNDOS",NA,"VILA TIBERIO","14050030.000000","RIBEIRAO PRETO","SP","16.000000","39771701.000000","ADCONSORCIO@SANTAEMILIA.COM.BR","SANTAEMILIA.COM.BR","2008","04","consorcios"
"59999300.000000","CONSORCIO NACIONAL VIME S/C LTDA","PRACA CAPITAO VICENTE DIAS, 70 - SOBRELOJA",NA,"CENTRO","13720000.000000","SAO JOSE DO RIO PARDO","SP","19.000000","36085242.000000","VIME@DGLNET.COM.BR",NA,"2008","04","consorcios"
"54708839.000000","SPERTA CONSORCIO NACIONAL S/C LTDA","AV. EUCLIDES MIRAGAIA, 2023",NA,"CENTRO","16200270.000000","BIRIGUI","SP","18.000000","36363636.000000","SPERTA@SPERTA.COM.BR","WWW.SPERTA.COM.BR","2008","04","consorcios"
"59129403.000000","CNF - ADMINISTRADORA DE CONSÓRCIOS NACIONAL LTDA.","AV. DO TABOAO, 899","PREDIO 06 / SALA 02","TABOAO","9655900.000000","SAO BERNARDO DO CAMPO","SP","17.000000","21363666.000000","PSANTOS@RODOBENS.COM.BR","CONSORCIONACIONALFORD.COM.BR","2008","04","consorcios"
"56270218.000000","CONSORCIO MULTIBENS S/C LTDA - IMPEDIDA CRIAR NOVOS GRUPOS","RUA BUTANTÃ, 234",NA,"PINHEIROS","5424000.000000","SAO PAULO","SP","11.000000","38122586.000000",NA,NA,"2008","04","consorcios"
"46349106.000000","MERCABENCO MERCANTIL E ADMINISTRADORA DE BENS E CONSÓRCIOS LTDA","AV. BRASIL, 799",NA,"JARDIM AMERICA","1431000.000000","SAO PAULO","SP","11.000000","30652222.000000","MERCABENCO@MERCABENCOCONSORCIO.COM.BR","HTTP://WWW.MERCABENCOCONSORCIO.COM.BR","2008","04","consorcios"
"50365907.000000","GANDINI CONSORCIO NACIONAL S/C LTDA - IMPEDIDA CRIAR NOVOS GRUPOS","AV.DR.OCTAVIANO PEREIRA MENDES, 338",NA,"CENTRO","13301000.000000","ITU","SP","11.000000","40139240.000000","ANUNES@GANDINI.COM.BR","WWW.GANDINI.COM.BR","2008","04","consorcios"
"50335306.000000","ORGACON S/C LTDA","RUA ALTINO ARANTES, 12 SALA 14",NA,"CENTRO","18540000.000000","PORTO FELIZ","SP","15.000000","32623141.000000",NA,NA,"2008","04","consorcios"
"49995293.000000","VINAC CONSORCIOS S/C LTDA.","AVENIDA CASSIANO RICARDO, 441",NA,"JARDIM AQUARIUS","12240540.000000","SAO JOSE DOS CAMPOS","SP","12.000000","39287800.000000","VINAC@VINAC.COM.BR","WWW.VINAC.COM.BR","2008","04","consorcios"
"49937055.000000","GMAC ADMINISTRADORA DE CONSORCIOS LTDA","AVENIDA INDIANOPOLIS, 3096","BLOCO B","PLANALTO PAULISTA","4062003.000000","SAO PAULO","SP","11.000000","50797020.000000",NA,"WWW.CONSORCIOCHEVROLET.COM.BR","2008","04","consorcios"
"48041735.000000","PORTO SEGURO ADMINISTRADORA DE CONSÓRCIOS LTDA","AL BARAO DE PIRACICABA, 740, 2 ANDAR",NA,"CAMPOS ELISEOS","1216010.000000","SAO PAULO","SP","11.000000","33663006.000000","CONTABIL.CONSORCIO@PORTOSEGURO.COM.BR","WWW.PORTOSEGURO.COM.BR","2008","04","consorcios"
"56360266.000000","VALTRA ADMINISTRADORA DE CONSÓRCIOS LTDA.","RUA. JOÃO RAMALHO, 30","2 ANDAR","VILA LEIS","13300945.000000","ITU","SP","11.000000","21185000.000000","CONSORCIO@CONSORCIOVALTRA.COM.BR","WWW.CONSORCIOVALTRA.COM.BR","2008","04","consorcios"
"50543883.000000","SIMÃO ADMINISTRADORA DE CONSÓRCIOS LTDA","AV DUQUE DE CAXIAS, 21-21",NA,"VILA BRUNHARI","17044140.000000","BAURU","SP","14.000000","40097072.000000","CONSORCIOS@SIMAOAUTO.COM.BR",NA,"2008","04","consorcios"
"36770683.000000","DAIMLERCHRYSLER ADMINISTRADORA DE CONSÓRCIOS LTDA.","AV. ALFRED JURZYKOWSKI, 562, PARTE",NA,"VILA PAULICEIA","9680900.000000","SAO BERNARDO DO CAMPO","SP","11.000000","41739277.000000","CONSORCIOS@MERCEDES-BENZ.COM.BR","WWW.CONSORCIOS.MERCEDES-BENZ.COM.BR","2008","04","consorcios"
"5219613.000000","FAMAS ADMINISTRADORA DE CONSORCIOS LTDA","AV. HERÁCLITO GRAÇA, 1245","SALA 01","CENTRO","60140061.000000","FORTALEZA","CE","85.000000","32543575.000000","FAMAS@FAMAS.COM.BR",NA,"2008","04","consorcios"
"58919903.000000","CONVEF ADMINISTRADORA DE CONSÓRCIOS LTDA.","R PORTO CARRERO, 246","SETOR I - SUB-SOLO","CAMPESTRE","9070240.000000","SANTO ANDRE","SP","11.000000","55381000.000000","CONVEF@UOL.COM.BR","WWW.CAOA.COM.BR/CONSORCIO","2008","04","consorcios"
"58986431.000000","SOROBENS CONSORCIO S/C LTDA","R LEOPOLDO MACHADO, 215 - TERREO",NA,"VILA AMELIA","18031390.000000","SOROCABA","SP","15.000000","33329950.000000",NA,NA,"2008","04","consorcios"
"48793137.000000","SANTO AMARO ADMINISTRADORA DE CONSORCIOS S/C LTDA - IMPEDIDA CRIAR NOVOS GRUPOS","RUA CONSELHEIRO RAMALHO, 715","CONJ. D","BELA VISTA","1325001.000000","SAO PAULO","SP","11.000000","32844833.000000",NA,NA,"2008","04","consorcios"
"59031419.000000","AUTOCAR ADMINISTRADORA DE CONSÓRCIO LTDA - IMPEDIDA CRIAR NOVOS GRUPOS","RUA FRANCISCO HOFFMAN DOS SANTOS, 788",NA,"JARDIM DAS AMÉRICAS","81530000.000000","CURITIBA","PR","41.000000","30293002.000000","AUTOCAR@CONSORCIOAUTOCAR.COM.BR",NA,"2008","04","consorcios"
"71045363.000000","MINASMÁQUINAS ADMINISTRADORA DE CONSÓRCIOS LTDA","RODOVIA FERNAO DIAS, KM 2, BR 381, N. 2211",NA,"BANDEIRANTES","32240090.000000","CONTAGEM","MG","31.000000","33691970.000000","REGINA@CONSORCIOMINASMAQUINAS.COM.BR","WWW.CONSORCIOMINASMAQUINAS.COM.BR","2008","04","consorcios"
"27268770.000000","COIMEX ADMINISTRAÇÃO DE CONSÓRCIOS LTDA.","AV. N. S. DOS NAVEGANTES, 675, 6.º ANDAR, SALA 602",NA,"ENSEADA DO SUÁ","29050912.000000","VITORIA","ES","27.000000","33215600.000000","COIMEXCONSORCIOS@COIMEXCONSORCIOS.COM.BR","WWW.COIMEXCONSORCIO.COM.BR","2008","04","consorcios"
"25529983.000000","DN ADMINISTRADORA DE CONSÓRCIOS LTDA","R. SÃO JOÃO DA PONTE, 1024","LOJA","SÃO GONÇALO","39440000.000000","JANAUBA","MG","38.000000","38216400.000000","CONSORCIODN@DNMOTOS.COM.BR","DNMOTOS.COM.BR","2008","04","consorcios"
"95783262.000000","CARLESSI ADMINISTRADORA DE CONSORCIOS S/C LTDA","RUA RUI BARBOSA, 1360 - 1. ANDAR",NA,"CENTRO","88930000.000000","TURVO","SC","48.000000","35258820.000000","CARLESSI.CONSORCIO@CONTATO.NET",NA,"2008","04","consorcios"
"95790267.000000","DIMAS ADMINISTRADORA DE CONSORCIOS LTDA.","AV MARINHEIRO MAX SCHRAMM, 2700 - 1. ANDAR",NA,"ESTREITO","88095000.000000","FLORIANOPOLIS","SC","48.000000","33811233.000000","CONSORCIO@DIMAS.COM.BR","WWW.CONSORCIODIMAS.COM.BR","2008","04","consorcios"
"29195971.000000","ANASA ADMINISTRACAO DE CONSORCIOS LTDA","RUA DR. BORMAN, 23 - SALA 808","PRAÇA DO RINK","CENTRO","24020320.000000","NITEROI","RJ","21.000000","26205454.000000","ANASA@URBI.COM.BR",NA,"2008","04","consorcios"
"28904092.000000","RESERVA RELACOES, SERVICOS E ADMINISTRACAO S/C","AV. GOVERNADOR ROBERTO SILVEIRA, 909 SL",NA,"LIA MARCIA","28360000.000000","BOM JESUS DO ITABAPOANA","RJ","22.000000","38311322.000000","CONSORCIORESERVA@UOL.COM.BR",NA,"2008","04","consorcios"
"96479258.000000","SCANIA ADMINISTRADORA DE CONSÓRCIOS LTDA.","RUA JOSE FELIX DE OLIVEIRA, 630-A",NA,"GRANJA VIANA","6708415.000000","COTIA","SP","11.000000","46135068.000000","CELSO.AOYAMA@SCANIA.COM / PAULO.CAMARGO@SCANIA.COM","WWW.CONSORCIOSCANIA.COM.BR","2008","04","consorcios"
"28672400.000000","GLOBEX ADM DE CONS LTDA","RUA TENENTE REBELO, 675 - 4 ANDAR (PARTE)",NA,"IRAJA","21241460.000000","RIO DE JANEIRO","RJ","21.000000","24728443.000000",NA,NA,"2008","04","consorcios"
"28637130.000000","ALIANCA ADMINISTRADORA DE CONSORCIO S/C LTDA","PRAÇA OLAVO BILAC, 28","SALA 907","CENTRO","20041010.000000","RIO DE JANEIRO","RJ","21.000000","22242523.000000","CALIANCALTDA@MUNDIVOX.COM.BR",NA,"2008","04","consorcios"
"94187879.000000","QUERO-QUERO ADMINISTRADORA DE CONSÓRCIOS S.A.","RUA TENENTE JUNG, 366","SALA 1","CENTRO","98960000.000000","SANTO CRISTO","RS","55.000000","35411011.000000","CONSORCIO@QUERO-QUERO.COM.BR",NA,"2008","04","consorcios"
"27440684.000000","CONTAUTO ADMINISTRADORA DE CONSÓRCIOS LTDA.","AVENIDA MARECHAL CAMPOS, 997",NA,"SANTOS DUMONT","29042715.000000","VITORIA","ES","27.000000","33573100.000000","CONSORCIO@CONTAUTO.COM.BR",NA,"2008","04","consorcios"
"93074862.000000","PORTO ALEGRE ADMINISTRADORA DE CONSORCIOS LTDA - IMPEDIDA CRIAR NOVOS GRUPOS","RUA BARÃO DO AMAZONAS, 266","SALA 202","PARTENON","90660000.000000","PORTO ALEGRE","RS","51.000000","33374543.000000","POACONS@TERRA.COM.BR",NA,"2008","04","consorcios"
"27148394.000000","LIBRA ADMINISTRADORA DE CONSORCIOS LTDA","PRACA DA REPUBLICA, 42",NA,"CENTRO","20211351.000000","RIO DE JANEIRO","RJ","21.000000","33802000.000000","LIBRÃO@DOMAIN.COM.BR",NA,"2008","04","consorcios"
"27060300.000000","CONSORCIO NACIONAL MAMORE S/C LTDA - IMPEDIDA CRIAR NOVOS GRUPOS","AV. SANTO AMARO, 3116","SALA A","BROOKLIN PAULISTA","4556200.000000","SAO PAULO","SP","11.000000","35017161.000000","CMAMORE@TERRA.COM.BR",NA,"2008","04","consorcios"
"26306472.000000","CONSORCIO MULTIPLO LTDA - IMPEDIDA CRIAR NOVOS GRUPOS","AV. BERNARDO MONTEIRO, 1563",NA,"FUNCIONARIOS","30150902.000000","BELO HORIZONTE","MG","31.000000","32477915.000000",NA,NA,"2008","04","consorcios"
"26253658.000000","GUARAPIRANGA VEÍCULOS ADMINISTRADORA DE CONSÓRCIOS LTDA.","AV. DO CONTORNO, 5.703",NA,"CARMO","30110035.000000","BELO HORIZONTE","MG","31.000000","32274525.000000","RENATA@CONSORCIOGUARAPIRANGA.COM.BR","WWW.CONSORCIOGUARAPIRANGA.COM.BR","2008","04","consorcios"
"26228270.000000","GROSCON ADMINISTRADORA DE CONSORCIOS LTDA.","RUA SAO SEBASTIAO DO PARAISO 1035",NA,"JARDIM FRANCANO","14405010.000000","FRANCA","SP","16.000000","37218878.000000","GROSCON@NETSITE.COM.BR",NA,"2008","04","consorcios"
"5551841.000000","TÁGIDE ADMINISTRADORA DE CONSÓRCIOS LTDA.","RUA SENADOR MANOEL BARATA, Nº 909","ENTRE AV. PRESIDENTE VARGAS E FREI GIL.","CAMPINA","66010140.000000","BELEM","PA","91.000000","40061560.000000","CONSORCIO.TAGIDE@YYAMADA.COM.BR",NA,"2008","04","consorcios"
"5760822.000000","AUVEPAR ADMINISTRADORA DE CONSÓRCIOS LTDA.","AV. DOS HOLANDESES, LOTE 5, QUADRA 5",NA,"CALHAU","65071380.000000","SAO LUIS","MA","98.000000","31827000.000000","CONSORCIO@AUVEPAR.COM.BR","WWW.AUVEPAR.COM.BR","2008","04","consorcios"
"25575481.000000","IATTO EMPREENDIMENTOS LTDA - IMPEDIDA CRIAR NOVOS GRUPOS","AV.OLEGARIO MACIEL,1149","CONJ. 201","LOURDES","30180111.000000","BELO HORIZONTE","MG","31.000000","21124844.000000","CONSORCIO@IATTO.COM.BR",NA,"2008","04","consorcios"
"90982679.000000","ALPHA CONSORCIOS LTDA.","AV. SETE DE SETEMBRO, 665",NA,"CENTRO","99700000.000000","ERECHIM","RS","54.000000","35204000.000000","CONSORCIOS@GRUPOALPHA.COM.BR","WWW.GRUPOALPHA.COM.BR","2008","04","consorcios"
"5349595.000000","CAIXA CONSÓRCIOS S.A ADMINISTRADORA DE CONSÓRCIOS","SCN, QUADRA 01, BLOCO A - ED. NUMBER ONE",NA,"ASA NORTE","70711900.000000","BRASILIA","DF","61.000000","21922831.000000",NA,NA,"2008","04","consorcios"
"92458348.000000","PAMPEIRO CONSORCIOS E PARTICIPACOES LTDA","AV. PRESIDENTE VARGAS, 1677",NA,"CENTRO","97015511.000000","SANTA MARIA","RS","55.000000","32227111.000000","CONSORCIO@PAMPEIRO.COM.BR",NA,"2008","04","consorcios"
"91107581.000000","FARROUPILHA ADMINISTRADORA DE CONSORCIOS LTDA","RST 453,  KM 121, Nº 650","5° ANDAR","SANTA CATARINA","95180000.000000","FARROUPILHA","RS","54.000000","32688329.000000","HENRIQUE@COLOMBO.COM.BR","WWW.CONSORCIOCOLOMBO.COM.BR","2008","04","consorcios"
"91108027.000000","RANDON ADMINISTRADORA DE CONSÓRCIOS LTDA.","AV. ABRAMO RANDON, 770",NA,"INTERLAGOS","95055010.000000","CAXIAS DO SUL","RS","54.000000","32092725.000000",NA,NA,"2008","04","consorcios"
"43031418.000000","CINERAL SC LTDA ADMINISTRACAO DE CONSORCIO - IMPEDIDA CRIAR NOVOS GRUPOS","RUA ANTONIO DE BARROS, 339",NA,"TATUAPE","3089000.000000","SAO PAULO","SP","11.000000","69420422.000000",NA,NA,"2008","04","consorcios"
"91341925.000000","ADMINISTRADORA DE CONSORCIOS SPENGLER LTDA","RUA 28 DE SETEMBRO, 1779","SEDE","CENTRO","96810530.000000","SANTA CRUZ DO SUL","RS","51.000000","37157000.000000","CONSORCIOSPENGLER@SPENGLER.COM.BR","WWW.SPENGLER.COM.BR","2008","04","consorcios"
"80563976.000000","GUARARAPES ADMINISTRADORA DE CONSORCIOS S/C LTDA","AV. AGUA VERDE, 452",NA,"AGUA VERDE","80620200.000000","CURITIBA","PR","41.000000","35954300.000000","ATENDIMENTO@CONSORCIOGUARARAPES.COM.BR","WWW.CONSORCIOGUARARAPES.COM.BR","2008","04","consorcios"
"91744714.000000","GAUCHACAR ADMINISTRADORA DE CONSORCIOS LTDA - IMPEDIDA CRIAR NOVOS GRUPOS",NA,NA,NA,NA,"PORTO ALEGRE","RS","51.000000","30456946.000000",NA,NA,"2008","04","consorcios"
"91900696.000000","GLOBAL ADMINISTRADORA DE CONSORCIOS LTDA","RUA  DONA DELIA DREBES, 160 - CJ. 101 A 105",NA,"CENTRO","96700000.000000","SAO JERONIMO","RS","51.000000","36519000.000000","GLOBAL@DREBES.COM.BR",NA,"2008","04","consorcios"
"91984633.000000","3 PIRAMIDES ADMINISTRADORA DE CONSORCIOS LTDA","RUA PERNAMBUCO, 212","SALA 02","HUMAITA","95700000.000000","BENTO GONCALVES","RS","54.000000","34513411.000000","3PIRAMIDES@3PIRAMIDES.COM.BR","WWW.3PIRAMIDES.COM.BR","2008","04","consorcios"
"94444312.000000","CENTRO SUL ADMINISTRADORA DE CONSÓRCIOS LTDA.","AV. ANGELO BOLSON, 1545",NA,"VILA FORMOSA","97070000.000000","SANTA MARIA","RS","55.000000","30278700.000000","CENTROSUL@CONSORCIO.NET","CONSORCIO.NET","2008","04","consorcios"
"92005685.000000","LC ADMINISTRADORA DE CONSORCIOS LTDA","RUA BORGES DE MEDEIROS 484","CENTRO","CENTRO","98300000.000000","PALMEIRA DAS MISSOES","RS","55.000000","37421433.000000","LCCONSORCIOS@MKSNET.COM.BR","WWW.LCCONSORCIOS.COM.BR","2008","04","consorcios"
"7270184.000000","ASSOCIACAO ATLETICA DO BANCO DO BRASIL - CE","AV. DA ABOLICAO, 2311",NA,"MEIRELES","60165080.000000","FORTALEZA","CE","85.000000","35354700.000000","FORTALEZA@AABB.COM.BR",NA,"2008","04","consorcios"
"92459213.000000","CONESUL ADMINISTRADORA DE CONSORCIOS LTDA","BR/158 KM 60  N. 1.500",NA,"CERRITO","97060090.000000","SANTA MARIA","RS","55.000000","32207900.000000","CONE.SUL@TERRA.COM.BR",NA,"2008","04","consorcios"
"92692979.000000","BANRISUL S.A. - ADMINISTRADORA DE CONSÓRCIOS","RUA CALDAS JÚNIOR, 108","4º ANDAR","CENTRO","90010260.000000","PORTO ALEGRE","RS","51.000000","32152519.000000","CONSORCIO_DG@BANRISUL.COM.BR",NA,"2008","04","consorcios"
"31728579.000000","CONSÓRCIO ECONÔMICO LTDA.","AV. VITORIA, 2454",NA,"HORTO","29050140.000000","VITORIA","ES","27.000000","21219400.000000","DIRETORIA@CONSORCIOECONOMICO.COM.BR","WWW.CONSORCIOECONOMICO.COM.BR","2008","04","consorcios"
"31505431.000000","GRG ADMINISTRADORA NACIONAL DE CONSORCIO S/C LTDA - IMPEDIDA CRIAR NOVOS GRUPOS","AV. NILO PECANHA, 134",NA,"GOYTACAZES","28040000.000000","CAMPOS DOS GOYTACAZES","RJ","24.000000","7331515.000000",NA,NA,"2008","04","consorcios"
"30650667.000000","RIO-PLAN ADMINISTRADORA DE CONSORCIO S/C LTDA - IMPEDIDA CRIAR NOVOS GRUPOS","AV NILO PEÇANHA, 50, SALA 2111",NA,"CENTRO","20020906.000000","RIO DE JANEIRO","RJ","21.000000","22153729.000000","CONSORCIO-RIOPLAN@BOL.COM.BR",NA,"2008","04","consorcios"
"30645154.000000","MIDIA ADMINISTRADORA DE CONSORCIOS LTDA - IMPEDIDA CRIAR NOVOS GRUPOS","AV. BRIGADEIRO LIMA E SILVA, 711 (PARTE)",NA,"25 DE AGOSTO","25085130.000000","DUQUE DE CAXIAS","RJ","21.000000","26718000.000000",NA,NA,"2008","04","consorcios"
"30413652.000000","ALAIR FERREIRA & COMPANHIA LTDA - IMPEDIDA CRIAR NOVOS GRUPOS","AV. RIO BRANCO, 109, 22. ANDAR (PARTE)",NA,"CENTRO","20040004.000000","RIO DE JANEIRO","RJ","21.000000","4620964.000000",NA,NA,"2008","04","consorcios"
"30412977.000000","ADMINISTRADORA DE CONSÓRCIO NACIONAL LÍDER LTDA.","AVENIDA PRESIDENTE DUTRA, 1400 2 ANDAR",NA,"PRESID.COSTA E SILVA","28300000.000000","ITAPERUNA","RJ","22.000000","38242800.000000","CNL@GRUPOLIDER.COM.BR","WWW.CONSORCIOLIDER.COM.BR","2008","04","consorcios"
"92965748.000000","ASSOCIACAO DOS JUIZES DO RIO GRANDE DO SUL","RUA CELESTE GOBBATO, 81",NA,"PRAIA DE BELAS","90110160.000000","PORTO ALEGRE","RS","51.000000","32849100.000000","AJURIS@AJURIS.ORG.BR","WWW.AJURIS.ORG.BR","2008","04","consorcios"
"92002609.000000","REDE OESTE ADMINISTRADORA DE CONSORCIOS LTDA","AV TUPI, 3407",NA,"BAIXADA INDUSTRIAL","85505000.000000","PATO BRANCO","PR","46.000000","32256379.000000",NA,NA,"2008","04","consorcios"
"15583743.000000","REVAISA ADMINISTRADORA DE CONSORCIOS S/C LTDA - IMPEDIDA CRIAR NOVOS GRUPOS","AV. DR. CARLOS FIRPO, 307","LOJA 02","CENTRO","49010250.000000","ARACAJU","SE","79.000000","32117176.000000","DIRETORIA@CONSORCIOREVAISA.COM.BR","WWW.CONSORCIOREVAISA.COM.BR","2008","04","consorcios"
"25569997.000000","CONSORCIO METROPOLE LTDA - IMPEDIDA CRIAR NOVOS GRUPOS","RUA XV DE NOVEMBRO, 259 - 2. ANDAR",NA,"CENTRO","84010020.000000","PONTA GROSSA","PR","42.000000","2222324.000000",NA,NA,"2008","04","consorcios"
"13176896.000000","SAMAM ADMINISTRADORA DE CONSÓRCIOS LTDA","RUA BASÍLIO ROCHA, 126",NA,"GETÚLIO VARGAS","49055110.000000","ARACAJU","SE","79.000000","32116022.000000","CONSORCIO@SAMAM.COM.BR","CONSORCIOSAMAM.COM.BR","2008","04","consorcios"
"13221411.000000","CONSENSO ADMINISTRADORA DE CONSORCIOS S/C LTDA - IMPEDIDA CRIAR NOVOS GRUPOS","AV. ANTÔNIO CARLOS MAGALHÃES, 34","EDF. SERVICENTER, SALA 26","ITAIGARA","41825000.000000","SALVADOR","BA","71.000000","33538787.000000","CONSENSOLTDA@IG.COM.BR",NA,"2008","04","consorcios"
"13548938.000000","ASSOCIACAO BAHIANA DE MEDICINA ABM","RUA BAEPENDI, 162","CASA","ONDINA","40170070.000000","SALVADOR","BA","71.000000","21079666.000000","ABM@ABMNET.ORG.BR",NA,"2008","04","consorcios"
"14722755.000000","ADMINISTRADORA DE CONSORCIOS BAHIAFORTE S/C LTDA.","RUA DES. POLYBIO MENDES DA SILVA, 159","JAGUARIBE MALL, LOJA 111","PIATÃ","41650480.000000","SALVADOR","BA","71.000000","33678562.000000","CONTABILIDADE@BAHIAFORTE.COM.BR","WWW.BAHIAFORTE.COM.BR","2008","04","consorcios"
"21275235.000000","CONSORCIO ATUAL LTDA","AV. RIO DOCE, N. 4353",NA,"ILHA DOS ARAUJOS","35020500.000000","GOVERNADOR VALADARES","MG","33.000000","32754200.000000","CONSORCIO@ATUALVEICULOS.COM.BR",NA,"2008","04","consorcios"
"21098470.000000","SANTA FE ADMINISTRADORA DE CONSORCIOS LTDA - IMPEDIDA CRIAR NOVOS GRUPOS","AV.JOAO PINHEIRO, 146 - 5.ANDAR",NA,"CENTRO","30130180.000000","BELO HORIZONTE","MG","31.000000","2740121.000000",NA,NA,"2008","04","consorcios"
"20919916.000000","CONSÓRCIO OPÇÃO LTDA","PRAÇA XV DE NOVEMBRO, 20","SALA 102","CENTRO","35540000.000000","OLIVEIRA","MG","37.000000","33316000.000000","OPCAO@CONSORCIOOPCAO.COM.BR","WWW.CONSORCIOOPCAO.COM.BR","2008","04","consorcios"
"13167184.000000","ADMINISTRADORA DE CONSÓRCIOS ARACAJU LTDA.","PRAÇA CAMERINO, 66",NA,"CENTRO","49010260.000000","ARACAJU","SE","79.000000","37111188.000000",NA,NA,"2008","04","consorcios"
"20261327.000000","CANCELLA NACIONAL ADMINISTRADORA DE CONSÓRCIOS LTDA - IMPEDIDA CRIAR NOVOS GRUPOS","RUA 20, 1258",NA,"CENTRO","38300074.000000","ITUIUTABA","MG","34.000000","2681611.000000","CANCELLA@MGT.COM.BR",NA,"2008","04","consorcios"
"21997259.000000","EMPREENDIMENTOS MAFRA LTDA - IMPEDIDA CRIAR NOVOS GRUPOS","AV. DOM PEDRO II, 1773",NA,"CARLOS PRATES","30710010.000000","BELO HORIZONTE","MG","31.000000","32706300.000000","MAFRA@CONSORCIOMAFRA.COM.BR",NA,"2008","04","consorcios"
"15592348.000000","LYSCAR ADMINISTRADORA DE CONSORCIOS S/C LTDA","RUA BASILIO ROCHA 182",NA,"GETULIO VARGAS","49055110.000000","ARACAJU","SE","79.000000","32185353.000000","CONSORCIO@LYSCAR.COM.BR","WWW.LYSCAR.COM.BR","2008","04","consorcios"
"16532830.000000","ASSOCIACAO DOS FUNCIONARIOS DO BDMG","R. BERNARDO GUIMARAES, 1587",NA,"LOURDES","30140081.000000","BELO HORIZONTE","MG","31.000000","32198464.000000",NA,NA,"2008","04","consorcios"
"19795236.000000","HAAS ADMINISTRADORA DE CONSÓRCIOS LTDA","RUA ALAGOAS, NR.145","LOJA 01","FUNCIONÁRIOS","30130160.000000","BELO HORIZONTE","MG","31.000000","45018030.000000","CONSORCIO@CASAARTHURHAAS.COM.BR",NA,"2008","04","consorcios"
"16551061.000000","PONTA ADMINISTRADORA DE CONSORCIOS LTDA","CRS 513 BLOCO A LOJAS 05/06",NA,"ASA SUL","70380510.000000","BRASILIA","DF","61.000000","21056555.000000",NA,"WWW.CONSORCIOPONTA.COM.BR","2008","04","consorcios"
"16583882.000000","MIDISA ADMINISTRACAO DE CONSORCIOS LTDA - IMPEDIDA CRIAR NOVOS GRUPOS","AV. PRESIDENTE ANTONIO CARLOS, 928",NA,"SAO CRISTOVAO","31210000.000000","BELO HORIZONTE","MG","31.000000","4211929.000000",NA,NA,"2008","04","consorcios"
"16841843.000000","VERBA ADMINISTRADORA DE CONSORCIOS LTDA","AV. ANTONIO CARLOS, 4303",NA,"SAO FRANCISCO","31270010.000000","BELO HORIZONTE","MG","31.000000","34487000.000000","BRASVEL@BRASVEL.COM.BR",NA,"2008","04","consorcios"
"19223411.000000","UNIÃO ADMINISTRADORA DE CONSÓRCIOS LTDA","RUA PROFESSOR PATROCINIO  FILHO, 70",NA,"PALMARES","31160550.000000","BELO HORIZONTE","MG","31.000000","34297700.000000","UNIAO@UNIAOCONSORCIO.COM.BR","WWW.UNIAOCONSORCIO.COM.BR","2008","04","consorcios"
"18096883.000000","SOMACO - SOCIEDADE MONVEP ADMINISTRADORA DE CONSÓRCIOS LTDA","AV. DEPUTADO ESTEVES RODRIGUES, 1001",NA,"CENTRO","39400215.000000","MONTES CLAROS","MG","38.000000","36905100.000000","SOMACO@CONSORCIOMONVEP.COM.BR","WWW.CONSORCIOMONVEP.COM.BR","2008","04","consorcios"
"17800533.000000","CONSORCIO NACIONAL IMPERIAL S/C LTDA.","AV. RIO BRANCO, 841",NA,"CENTRO","65725000.000000","PEDREIRAS","MA","99.000000","36421323.000000","CONTABILIDADE@CONSORCIOIMPERIAL.COM.BR",NA,"2008","04","consorcios"
"20489415.000000","ABRACON ADMINISTRADORA BRASILEIRA DE CONSORCIOS LTDA - IMPEDIDA CRIAR NOVOS GRUPOS","RUA RIO DE JANEIRO, 462","15º ANDAR - SALA 1506","CENTRO","30160909.000000","BELO HORIZONTE","MG","31.000000","32010113.000000",NA,NA,"2008","04","consorcios"
"23852429.000000","UNIÃO NACIONAL DOS AUDITORES FISCAIS DA RECEITA FEDERAL - UNAFISCO DE MINAS GERAIS","RUA ESPIRITO SANTO, 616,","12º ANDAR","CENTRO","30160030.000000","BELO HORIZONTE","MG","31.000000","32499006.000000","CONSORCIOUNAFISCOMG@TERRA.COM.BR",NA,"2008","04","consorcios"
"7336852.000000","CONBRAV - ADMINISTRADORA DE CONSÓRCIOS LTDA.","AV. JOSÉ BASTOS, 777","MEZANINO","JACARECANGA","60325330.000000","FORTALEZA","CE","85.000000","32883533.000000","CONBRAV@CRASA..COM.BR - CONBRAV.CONT@CRASA.COM.BR",NA,"2008","04","consorcios"
"25040023.000000","HONORATO ADMINISTRADORA DE CONSÓRCIOS LTDA","AV. PRESIDENTE VARGAS, 3600",NA,"VILA MARIA","75905310.000000","RIO VERDE","GO","64.000000","6123011.000000",NA,NA,"2008","04","consorcios"
"25018300.000000","PINHEIRO'S ADMINISTRADORA DE CONSORCIOS LTDA","AV. 24 DE OUTUBRO, 196",NA,"ST. DOS FUNCIONARIOS","74543100.000000","GOIANIA","GO","62.000000","5236629.000000",NA,NA,"2008","04","consorcios"
"8570707.000000","ELDORADO ADMINISTRADORA DE CONSORCIO LTDA","AV. PRUDENTE DE MORAIS, 1610",NA,"TIROL","59020400.000000","NATAL","RN","84.000000","40086868.000000","CONTABILIDADE@CONSORCIOELDORADO.COM.BR",NA,"2008","04","consorcios"
"24862344.000000","ARIGATÔ ADMINISTRADORA DE CONSÓRCIO LTDA","AV. JK, 123",NA,"JUNDIAI","75110390.000000","ANAPOLIS","GO","62.000000","33112100.000000","CONSORCIOARIGATO@TERRA.COM.BR","WWW.CONSORCIOARIGATO.COM.BR","2008","04","consorcios"
"24861965.000000","ONOGAS ADMINISTRADORA DE CONSORCIOS LTDA - IMPEDIDA CRIAR NOVOS GRUPOS","AV. DA CERAMICA, 255 - ANEXO 1 - SALA 502",NA,"JARDIM NOVO MUNDO","74703260.000000","GOIANIA","GO","62.000000","2061010.000000",NA,NA,"2008","04","consorcios"
"24857112.000000","ARAGUAIA ADMINISTRADORA DE CONSÓRCIO LTDA","AV. BRASIL SUL, 2800",NA,"JD. GONÇALVES","75123160.000000","ANAPOLIS","GO","62.000000","3131544.000000","CONSORCIO@CONSORCIOARAGUAIA.COM.BR","WWW.CONSORCIOARAGUAIA.COM.BR","2008","04","consorcios"
"9111444.000000","PROMOVE PROMOCAO DE NEGOCIOS MERCANTIS LTDA","AV. EPITÁCIO PESSOA, 3535",NA,"MIRAMAR","58032000.000000","JOAO PESSOA","PB","83.000000","40094000.000000","PROMOVE@CONSORCIOPROMOVE.COM.BR",NA,"2008","04","consorcios"
"13170428.000000","CIMAVEL ADMINISTRADORA DE CONSÓRCIOS LTDA.","AV. JOÃO RIBEIRO, 652",NA,"SANTO ANTONIO","49065000.000000","ARACAJU","SE","79.000000","32163434.000000","CONSORCIO@CIMAVEL.COM.BR","WWW.CONSORCIOCIMAVEL.COM.BR","2008","04","consorcios"
"10926046.000000","ASSOCIACAO DOS SERVIDORES DA SUDENE","RUA LINDOLFO COLOR, S/N",NA,"ENGENHO DO MEIO","50730600.000000","RECIFE","PE","81.000000","21022741.000000",NA,NA,"2008","04","consorcios"
"91338228.000000","GRAVEL ADMINISTRADORA DE CONSORCIOS LTDA","AV. DORIVAL CANDIDO LUZ DE OLIVEIRA, 501",NA,"CENTRO","94030001.000000","GRAVATAI","RS","51.000000","34884766.000000","KATIA@GRAVELETTO.COM.BR","WWW.GRAVELETTO.COM.BR","2008","04","consorcios"
"23774698.000000","SUPER CONSORCIO ORCA LTDA. - IMPEDIDA CRIAR NOVOS GRUPOS","RUA DOS ENGENHEIROS, 199",NA,"CENTRO","37900020.000000","PASSOS","MG","35.000000","35215988.000000",NA,NA,"2008","04","consorcios"
"23767155.000000","RECON ADMINISTRADORA DE CONSORCIOS LTDA","AV. DARCIO CANTIERI,1750",NA,"JARDIM SAO JOSE","37950000.000000","SAO SEBASTIAO DO PARAISO","MG","35.000000","35398150.000000","GRUPORECON@GRUPORECON.COM.BR","WWW.GRUPORECON.COM.BR","2008","04","consorcios"
"23367634.000000","ZEMA ADMINISTRADORA DE CONSÓRCIO LTDA","AV. GETÚLIO VARGAS","148","CENTRO","38183192.000000","ARAXA","MG","34.000000","36691753.000000","ZEMACONS@GRUPOZEMA.COM.BR","WWW.CONSORCIOZEMA.COM.BR","2008","04","consorcios"
"23104193.000000","MONZA ADMINISTRADORA DE CONSORCIO S/C LTDA - IMPEDIDA CRIAR NOVOS GRUPOS","AV. JOÃO NAVES DE ÁVILA, 1331 - 3º PISO - LOJA 500","CENTER SHOPPING","TIBERY","38408902.000000","UBERLANDIA","MG","34.000000","32333332.000000","ALESSANDRAMONZA@HOTMAIL.COM",NA,"2008","04","consorcios"
"23103856.000000","MOTOMAQ ADMINISTRADORA DE CONSORCIO LTDA - IMPEDIDA CRIAR NOVOS GRUPOS","AV. FLORIANO PEIXOTO, 2985",NA,"BRASIL","38400704.000000","UBERLANDIA","MG","34.000000","32123166.000000",NA,NA,"2008","04","consorcios"
"23103799.000000","COLINA ADMINISTRADORA DE CONSÓRCIOS LTDA","AVENIDA BRASÍLIA, 2.480/1. ANDAR",NA,"JARDIM NOVA IORQUE","16065000.000000","ARACATUBA","SP","18.000000","36072000.000000","UNIVOLKS@VWMUNICH.COM.BR",NA,"2008","04","consorcios"
"22981286.000000","MARCOS MARCELINO ADMINISTRADORA DE CONSÓRCIOS S/S LTDA - IMPEDIDA CRIAR NOVOS GRUPOS","RODOVIA BR-316, KM 5 - S/N",NA,"GUANABARA","67020900.000000","ANANINDEUA","PA","91.000000","40094000.000000","CANDIDA@MARCOSMARCELINO.COM.BR","WWW.CONSORCIOMARCOSMARCELINO.COM.BR","2008","04","consorcios"
"12516951.000000","ADMINISTRADORA ALAGOANA DE CONSORCIOS ADACON LTDA","RUA BACHAREL FLORIANO IVO, 72",NA,"FAROL","57055010.000000","MACEIO","AL","82.000000","32232354.000000","CONSORCIOADACON@CONSORCIOADACON.COM.BR","WWW.CONSORCIOADACON.COM.BR","2008","04","consorcios"
"3765340.000000","ADMINISTRADORA DE CONSÓRCIO REGIONAL WAY LTDA.","AV. CARDOSO MOREIRA, 511",NA,"CENTRO","28300000.000000","ITAPERUNA","RJ","22.000000","38246060.000000","CONSORCIO@CONSORCIOWAY.COM.BR",NA,"2008","04","consorcios"
"24192668.000000","CAIXA FORTE ADMINISTRADORA DE CONSORCIO S/C LTDA - IMPEDIDA CRIAR NOVOS GRUPOS","AV. ANTONIO BASILIO, 3025","SALAS 508/509","NOVA DESCOBERTA","59056500.000000","NATAL","RN","84.000000","2112661.000000",NA,NA,"2008","04","consorcios"
"80990146.000000","CONTEMPLA ADMINISTRADORA DE CONSORCIO LTDA.","AV. SETE DE SETEMBRO, 1313",NA,"CENTRO","88900000.000000","ARARANGUA","SC","48.000000","35244444.000000","CONTEMPLA@CONTATO.NET","WWW.CONTEMPLA.ENG.BR","2008","04","consorcios"
"78552825.000000","PARANÁ ADMINISTRADORA DE CONSÓRCIOS LTDA.","RUA VISCONDE DE NACAR, 1441",NA,"CENTRO","80410201.000000","CURITIBA","PR","41.000000","33515560.000000","HILARIOMW@JMALUCELLI.COM.BR",NA,"2008","04","consorcios"
"78688462.000000","FIPAL ADMINISTRADORA DE CONSÓRCIOS LTDA","AV. BRASIL, 2500",NA,"CENTRO","85816290.000000","CASCAVEL","PR","45.000000","32181010.000000","CONSORCIO@FIPAL.COM.BR",NA,"2008","04","consorcios"
"79353348.000000","CCV ADMINISTRADORA DE CONSÓRCIOS LTDA","RODOVIA BR-116, KM 399, N. 6490","TREVO DO TARUMA","TARUMA","82590300.000000","CURITIBA","PR","41.000000","33607000.000000","CONSORCIO@CCV.COM.BR",NA,"2008","04","consorcios"
"79361275.000000","K.G. ADMINISTRADORA DE CONSORCIOS LTDA.","RUA NOVE DE MARCO, 372 - 1. ANDAR",NA,"CENTRO","89201400.000000","JOINVILLE","SC","47.000000","34331211.000000","KGCONSORCIO@KGCONSORCIO.COM.BR",NA,"2008","04","consorcios"
"37137767.000000","JORLAN ADMINISTRADORA DE CONSÓRCIO LTDA.","2A AVENIDA QD 1B LT 42/44 3ANDAR SALA 10","ED ATLANTA B. CENTER COND CIDADE EMPRESARIAL","CIDADE VERA CRUZ","74935530.000000","APARECIDA DE GOIANIA","GO","62.000000","40052525.000000","CONSORCIO@JORLAN.COM","WWW.JORLAN.COM.BR/CONSORCIO","2008","04","consorcios"
"80402746.000000","RIVEL ADMINISTRADORA DE CONSÓRCIOS LTDA.","AV. PRESIDENTE KENNEDY, 2726",NA,"CENTRO","85950000.000000","PALOTINA","PR","44.000000","36498950.000000","RIVEL@RIVEL.COM.BR","WWW.RIVEL.COM.BR","2008","04","consorcios"
"80642523.000000","GIACCON - ADMINISTRADORA DE CONSORCIO S/C LTDA","AV. TANCREDO NEVES, 2063","PIONEIRO CATARINENSE","CENTRO","85805000.000000","CASCAVEL","PR","45.000000","33217100.000000","GIACCONCAD@BRIZZA.COM.BR","WWW.GIACCON.COM.BR","2008","04","consorcios"
"80674393.000000","SANTA FÉ ADMINISTRADORA DE CONSÓRCIOS LTDA.","AV. ME. BENVENUTA, 1936","LOJA 01","SANTA MONICA","88035001.000000","FLORIANOPOLIS","SC","48.000000","32394499.000000","GDAMAZIO@SANTAFECONSORCIO.COM.BR","WWW.SANTAFECONSORCIO.COM.BR","2008","04","consorcios"
"80890486.000000","FELIPE ADMINISTRADORA DE CONSORCIOS S/C LTDA","AV. CAPITÃO TELMO RIBEIRO, 1001",NA,"JARDIM PROGRESSO","87708140.000000","PARANAVAI","PR","44.000000","34224429.000000",NA,NA,"2008","04","consorcios"
"81617425.000000","HOEPCKE ADMINISTRADORA DE CONSORCIOS LTDA","RUA  TIRADENTES, 224- LOJA 03-","EDIFÍCIO TOPÁZIO.","CENTRO","88010430.000000","FLORIANOPOLIS","SC","48.000000","32256924.000000","CONSORCIO@HOEPCKE.COM.BR","WWW.HOEPCKE.COM.BR","2008","04","consorcios"
"80908015.000000","BRASCON ADMINISTRADORA DE CONSORCIOS S/C LTDA - IMPEDIDA CRIAR NOVOS GRUPOS","RUA PEROBAL, 3881 - SALA 10","CONTATO: SR. SÉRGIO","CENTRO","87501300.000000","UMUARAMA","PR","44.000000","6223695.000000","SERGIO@NETUMUARAMA.COM.BR",NA,"2008","04","consorcios"
"37622206.000000","CONFIANÇA ADMINISTRADORA DE CONSÓRCIO LTDA - IMPEDIDA CRIAR NOVOS GRUPOS","AV. BRASIL SUL Nº 2360",NA,"JARDIM GONÇALVES","75123390.000000","ANAPOLIS","GO","62.000000","3108000.000000","CONFIAGO@GENETIC.COM.BR","WWW.CONSORCIOCONFIANCA.COM.BR","2008","04","consorcios"
"80990161.000000","ARAVEL ADMINISTRADORA DE CONSORCIO LTDA.","RODOVIA BR-101, KM 413, N. 1350",NA,"CIDADE ALTA","88900000.000000","ARARANGUA","SC","48.000000","35210811.000000","CONSORCIO.ARAVEL@CONTATO.NET",NA,"2008","04","consorcios"
"81161531.000000","REGATA ADMINISTRADORA DE CONSORCIOS S/C LTDA - IMPEDIDA CRIAR NOVOS GRUPOS","AV. GOVERNADOR IVO SILVEIRA, 385",NA,"CANTA GALO","89160000.000000","RIO DO SUL","SC","47.000000","35312525.000000","CONSORCIO@CONSORCIOREGATA.COM.BR",NA,"2008","04","consorcios"
"81173007.000000","SLAVIERO DECISAO ADMINISTRADORA DE CONSORCIO S/C LTDA - IMPEDIDA CRIAR NOVOS GRUPOS","RUA SENADOR ALENCAR GUIMARÃES,50","1º ANDAR","CENTRO","80010070.000000","CURITIBA","PR","41.000000","33227175.000000","RENATOCAMPOS10@YAHOO.COM.BR",NA,"2008","04","consorcios"
"32825424.000000","EIFFEL ADMINISTRADORA DE CONSORCIOS S/C LTDA.","RUA RAFAEL DE AGUIAR, 286","1º ANDAR","CIRURGIA","49055590.000000","ARACAJU","SE","79.000000","21069616.000000","EIFFELC@INFONET.COM.BR",NA,"2008","04","consorcios"
"81187676.000000","COTA SUL ADMINISTRADORA NACIONAL DE CONSÓRCIOS LTDA","AV MANOEL RIBAS 3685","SOBRELOJA","BONSUCESSO","85055010.000000","GUARAPUAVA","PR","41.000000","2224233.000000","COTASUL@ONDA.COM.BR",NA,"2008","04","consorcios"
"90484403.000000","PAJE ADMINISTRADORA DE CONSORCIOS S/C LTDA","AV. BENJAMIN CONSTANT, 2228",NA,"CENTRO","95300000.000000","LAGOA VERMELHA","RS","54.000000","33581366.000000","PAJE.CONSORCIO@TERRA.COM.BR",NA,"2008","04","consorcios"
"81267213.000000","MASTERPLAN ADMINISTRADORA DE CONSORCIOS S/C LTDA - IMPEDIDA CRIAR NOVOS GRUPOS","RUA DAS CHACARAS, 3058",NA,"COQUEIRAL","85806970.000000","CASCAVEL","PR","45.000000","33262222.000000",NA,NA,"2008","04","consorcios"
"81269516.000000","UNILANCE ADMINISTRADORA DE CONSÓRCIOS LTDA.","RUA CORONEL FRANCISCO HOFFMANN DOS SANTOS, 788","CASA","JARDIM DAS AMERICAS","81530000.000000","CURITIBA","PR","41.000000","30293002.000000","UNILANCE@UNILANCE.COM.BR","UNILANCE.COM.BR","2008","04","consorcios"
"34116384.000000","SOCIEDADE DOS ENGENHEIROS E ARQUITETOS DO EST.RIO DE JANEIRO","RUA DO RUSSEL, 1",NA,"GLORIA","22210010.000000","RIO DE JANEIRO","RJ","21.000000","21366797.000000","FINANCEIRO@SEAERJ.ORG.BR","WWW.SEAERJ.ORG.BR","2008","04","consorcios"
"36031169.000000","VILA VELHA ADMINISTRADORA DE CONSÓRCIOS LTDA.","AV. LEITÃO DA SILVA, 365",NA,"BENTO FERREIRA","29050045.000000","VITORIA","ES","27.000000","21220500.000000","CONVIVE@CONVIVE.COM.BR","WWW.CONVIVE.COM.BR","2008","04","consorcios"
"77040509.000000","REUNO ADMINISTRACAO DE CONSORCIOS S/C LTDA","AV DO BATEL, 1920 - 3º ANDAR  - ED. BATEL OFFICE",NA,"BATEL","80420090.000000","CURITIBA","PR","41.000000","3421213.000000",NA,NA,"2008","04","consorcios"
"74118381.000000","VOLVO ADMINISTRADORA DE CONSÓRCIO LTDA.","AV JUSCELINO KUBITSCHEK DE OLIVEIRA, 2600",NA,"CIC","81260900.000000","CURITIBA","PR","41.000000","33177711.000000","ALESSANDRA.MINOZZO@VFSCO.COM","WWW.VOLVO.COM.BR","2008","04","consorcios"
"4751943.000000","FRANCAUTO ADMINISTRADORA DE CONSORCIO S/C LTDA","AV. SEVERINO TOSTES MEIRELES, 1660",NA,"ESTACAO","14406004.000000","FRANCA","SP","16.000000","37115000.000000",NA,NA,"2008","04","consorcios"
"75736942.000000","CIPASA - ADMINISTRADORA DE CONSÓRCIOS LTDA","BR 116, Nº 1785","TREVO DO ATUBA","ATUBA","82590100.000000","CURITIBA","PR","41.000000","33151013.000000","CONSORCIOCIPASA@NETPAR.COM.BR",NA,"2008","04","consorcios"
"75770164.000000","NORPAVE ADMINISTRADORA DE CONSÓRCIOS LTDA.","RUA TAUBATE, 68",NA,"JARDIM VERALIZ","86062490.000000","LONDRINA","PR","43.000000","21012626.000000","CONSORCIO@NORPAVE.COM.BR","WWW.NORPAVE.COM.BR","2008","04","consorcios"
"75956920.000000","GULIN ADMINISTRADORA DE CONSORCIOS LTDA","AV MUNHOZ DA ROCHA, 903","S/LOJA","CABRAL","80035000.000000","CURITIBA","PR","41.000000","33133131.000000","DIRETORIA@GULINCONSORCIOS.COM.BR","WWW.GULINCONSORCIOS.COM.BR","2008","04","consorcios"
"76330158.000000","METROPOLITANA PARAGUACU ADMINISTRADORA DE CONSORCIOS S/C","AV. BRASIL, 437","CENTRO","CENTRO","85851000.000000","FOZ DO IGUACU","PR","45.000000","30284499.000000","LIVIO@PARAGUACU.COM.BR",NA,"2008","04","consorcios"
"76515071.000000","SERVOPA ADMINISTRADORA DE CONSORCIOS LTDA","RUA ROCKFELLER, 1118  (CP 6604)",NA,"REBOUCAS","80230130.000000","CURITIBA","PR","41.000000","33302024.000000","KORGUT.ADM@SERVOPA.COM.BR    CC   ROCKENBACH@SERVOPA.COM.BR","HTTP..//WWW.CONSORCIOSERVOPA.COM.BR","2008","04","consorcios"
"76654607.000000","INSTITUTO DE ENGENHARIA DO PARANA","RUA EMILIANO PERNETA, 174","2º ANDAR","CENTRO","80010050.000000","CURITIBA","PR","41.000000","33229129.000000","RUTE@IEP.ORG.BR","WWW.IEP.ORG.BR","2008","04","consorcios"
"76853043.000000","MENEGALLI ADMINISTRADORA DE CONSÓRCIOS LTDA","AV. SETE DE SETEMBRO, 900",NA,"CENTRO","88900000.000000","ARARANGUA","SC","48.000000","5240566.000000","CONSORCIO@MENEGALLI.COM.BR","WWW.MENEGALLI.COM.BR","2008","04","consorcios"
"78511599.000000","VIDECAR ADMINISTRADORA DE CONSÓRCIOS LTDA","RUA 15 DE NOVEMBRO, 780","PREDIO","CENTRO","89560000.000000","VIDEIRA","SC","49.000000","35661111.000000","CONSORCIOVIDECAR@FORMATTO.COM.BR",NA,"2008","04","consorcios"
"77038990.000000","VOUPAR ADMINISTRADORA DE CONSÓRCIOS LTDA.","RUA:  ITUPAVA , 170","CASA","ALTO DA  XV","80060250.000000","CURITIBA","PR","41.000000","33635626.000000","CONSORCIOVOUPAR@AVALON.SUL.COM.BR",NA,"2008","04","consorcios"
"78502739.000000","ZAGO ADMINISTRADORA DE CONSORCIOS S/C LTDA","RUA FELIPE SCHMIDT, 476",NA,"CENTRO","89600000.000000","JOACABA","SC","49.000000","5221200.000000","ADM@CONSORCIOZAGO.COM.BR",NA,"2008","04","consorcios"
"40284317.000000","CARION BRASIL ADMINISTRADORA CONSORCIOS LTDA","AVENIDA DAS AMÉRICAS, 700","BLOCO 01, SALA 301","BARRA DA TIJUCA","22640100.000000","RIO DE JANEIRO","RJ","21.000000","24353369.000000",NA,NA,"2008","04","consorcios"
"40181018.000000","ZAITTER ADMINISTRACAO DE CONSORCIOS S/C LTDA","RUA TIBAGI, 366 - LOJAS 01 E 02",NA,"CENTRO","80060110.000000","CURITIBA","PR","41.000000","2326762.000000","CASSIANO@PROPAGAR.COM",NA,"2008","04","consorcios"
"77194611.000000","IGAPÓ ADMINISTRADORA DE CONSÓRCIOS LTDA","RUA PROF JOSE RANIERI, 3-63",NA,"CENTRO","17015360.000000","BAURU","SP","14.000000","21064804.000000","CIGAPO@TERRA.COM.BR",NA,"2008","04","consorcios"
"77258093.000000","PARANAMOTOR ADMINISTRADORA DE CONSÓRCIOS LTDA","AV. PARANA, 243",NA,"CENTRO","86804340.000000","APUCARANA","PR","43.000000","30339900.000000","PARANAMOTOR@UOL.COM.BR","WWW.PARANAMOTOR.COM.BR","2008","04","consorcios"
"77441400.000000","UNIÃO ADMINISTRADORA DE CONSÓRCIOS LTDA.","AV. HIGIENOPOLIS, 2400",NA,"PARQUE GUANABARA","86050000.000000","LONDRINA","PR","43.000000","33777410.000000","OLIVEIRA@CONSORCIOUNIAO.COM.BR","WWW.CONSORCIOUNIAO.COM.BR","2008","04","consorcios"
"77872513.000000","CONFRONTE CONSORCIO FRONTEIRA S/C LTDA - IMPEDIDA CRIAR NOVOS GRUPOS","AV. BRASIL, 6792  (CP 672)",NA,"CENTRO","85810010.000000","CASCAVEL","PR","45.000000","32241790.000000","CONFRONTE@UOL.COM.BR",NA,"2008","04","consorcios"
"77949238.000000","ARAUCÁRIA ADMINISTRADORA DE CONSÓRCIOS LTDA.","RUA XV DE NOVEMBRO, 1161 - 1 E 2 ANDAR E 1177",NA,"CENTRO","80060000.000000","CURITIBA","PR","41.000000","32181742.000000","DIRETORIA@ARAUCARIA.COM.BR","WWW.ARAUCARIA.COM.BR","2008","04","consorcios"
"78199262.000000","TRIÂNGULO ADMINISTRADORA DE CONSÓRCIOS LTDA","AV. CARNEIRO LEAO, 135, SOBRELOJA",NA,"CENTRO","87014010.000000","MARINGA","PR","44.000000","33441515.000000","TRIANGULO@TERACOM.COM.BR","WWW.CONSORCIOTRIANGULO.COM.BR","2008","04","consorcios"
"78234358.000000","CASAGRANDE ADMINISTRADORA DE CONSÓRCIOS LTDA","RUA 24 DE MAIO, 1.356",NA,"REBOUÇAS","80230080.000000","CURITIBA","PR","41.000000","21062939.000000","PAULO@CNCASAGRANDE.COM.BR","WWW.CASAGRANDE.COM.BR","2008","04","consorcios"
"81246688.000000","D.J.C. ADMINISTRADORA DE CONSORCIOS S/C LTDA","RUA DESEMBARGADOR COSTA CARVALHO, 178",NA,"BATEL","80440210.000000","CURITIBA","PR","41.000000","3428882.000000","DJCCONSORCIOS@TERRA.COM.BR",NA,"2008","04","consorcios"
"77021889.000000","CONSORCIAL ADMINISTRADORA LTDA S/C","RUA LEOPOLDO GUIMARAES DA CUNHA, 233",NA,"OFICINAS","84035310.000000","PONTA GROSSA","PR","42.000000","32244154.000000","CONSORCIAL@AUTONAL.COM.BR",NA,"2008","04","consorcios"
"33485301.000000","LEAL ADMINISTRADORA DE CONSORCIOS S/C LTDA","SHC/SUL CR  516  BLOCO  B - Nº 1","PAVIMENTO SUPERIOR","ASA SUL","70381525.000000","BRASILIA","DF","61.000000","33469400.000000","DIRETORIA@LEALONLINE.COM.BR","WWW.LEALONLINE.COM.BR","2008","04","consorcios"
"84911098.000000","ADEMILAR ADMINISTRADORA DE CONSORCIOS S.A.","AVENIDA SETE DE SETEMBRO, 5870",NA,"BATEL","80240001.000000","CURITIBA","PR","41.000000","30232000.000000","ADEMILAR@ADEMILAR.COM.BR","WWW.ADEMILAR.COM.BR","2008","04","consorcios"
"87636635.000000","SPONCHIADO ADMINISTRADORA DE CONSÓRCIOS LTDA.","RUA JB CABRAL, 299",NA,"CENTRO","99700000.000000","ERECHIM","RS","51.000000","33275700.000000","CONSORCIO@SPONCHIADO.COM.BR","WWW.SPONCHIADO.COM.BR","2008","04","consorcios"
"33636838.000000","NASA ADMINISTRADORA DE CONSÓRCIO LTDA","PRIMEIRA AVENIDA C/ RUA H-02","QUADRA 01-B, LOTE 12, COND.CIDADE EMPRESARIAL","CIDADE VERA CRUZ","74935900.000000","APARECIDA DE GOIANIA","GO","62.000000","35873880.000000",NA,"WWW.GRUPONASA.COM.BR","2008","04","consorcios"
"87115176.000000","KLIFT MULTICONSORCIOS LTDA - IMPEDIDA CRIAR NOVOS GRUPOS","AV. MAUÁ 2011, SALA 808",NA,"CENTRO","90030080.000000","PORTO ALEGRE","RS","51.000000","33717352.000000","VELLINHO@TERRA.COM.BR",NA,"2008","04","consorcios"
"87433413.000000","PORTOBENS ADMINISTRADORA DE CONSORCIOS LTDA","R HUMBERTO SANITA, 25, SALA 1",NA,"JARDIM PROGRESSO","15890000.000000","UCHOA","SP","17.000000","21363666.000000","PSANTOS@RODOBENS.COM.BR","RODOBENS.COM.BR","2008","04","consorcios"
"90476284.000000","NICOLA ADMINISTRADORA DE CONSÓRCIOS LTDA.","RUA TITO BECCON, 1269 - 3. ANDAR",NA,"CENTRO","97700000.000000","SANTIAGO","RS","55.000000","32497072.000000","CONSORCIOS@NICOLA.COM.BR",NA,"2008","04","consorcios"
"33526518.000000","AUTOMOVEL CLUB DO BRASIL - IMPEDIDA CRIAR NOVOS GRUPOS","RUA DO PASSEIO, 90",NA,"CENTRO","20021290.000000","RIO DE JANEIRO","RJ","21.000000","2974455.000000",NA,NA,"2008","04","consorcios"
"83951947.000000","AMAURI ADMINISTRADORA DE CONSÓRCIOS LTDA.","RUA LIBERATO BITTENCOURT, 1426","PREDIO","ESTREITO","88075400.000000","FLORIANOPOLIS","SC","48.000000","32812000.000000","JOEL@AMAURI.COM.BR",NA,"2008","04","consorcios"
"87852273.000000","SINOSSERRA CONSÓRCIOS S/A.","RUA CANCIO GOMES N 344",NA,"FLORESTA","90220060.000000","PORTO ALEGRE","RS","51.000000","33233333.000000",NA,"WWW.SINOSSERRA.COM.BR","2008","04","consorcios"
"85322204.000000","GLOBO ADMINISTRADORA DE CONSÓRCIOS LTDA.","RUA LIBERATO BITTENCOURT, 1633 ESQ/ARACY V.CALLADO",NA,"SUB-DISTRITO ESTREIT","88070800.000000","FLORIANOPOLIS","SC","48.000000","32815000.000000","PEREIRA@GRUPOGLOBO.COM.BR",NA,"2008","04","consorcios"
"87945218.000000","SIMPALA LANCADORA E ADMINISTRADORA LTDA","AV. IPIRANGA, 6500",NA,"JARDIM BOTANICO","90610000.000000","PORTO ALEGRE","RS","51.000000","33393911.000000","CONSORCIO@SIMPALA.COM.BR","WWW.SIMPALA.COM.BR","2008","04","consorcios"
"88174057.000000","SIBISA CONSORCIOS LTDA - IMPEDIDA CRIAR NOVOS GRUPOS",NA,NA,NA,NA,"PORTO ALEGRE","RS","51.000000","0.000000",NA,NA,"2008","04","consorcios"
"33350620.000000","FEDERACAO NAC. DE ASSOCIACOES DOS SERVIDORES DO BCO CENTRAL","SBS-QRA 2-LT.19-BL.A-SL.701/708-ED.CASA DE S.PAULO",NA,"ASA SUL","70078900.000000","BRASILIA","DF","61.000000","33231055.000000","FENASBAC@FENASBAC.COM.BR","WWW.FENASBAC.COM.BR","2008","04","consorcios"
"90169384.000000","GUARAPLAN - ADMINISTRADORA DE CONSORCIOS S.A","AV. BRASIL OESTE, 3120","BOQUEIRÃO","CENTRO","99025004.000000","PASSO FUNDO","RS","54.000000","33163400.000000","GUARAPLAN@GUARACARPLUS.COM.BR","WWW.GUARAPLAN.COM.BR","2008","04","consorcios"
"89070940.000000","CARBURGO ADMINISTRADORA DE CONSORCIOS LTDA","AV. GETÚLIO VARGAS, 2362",NA,"SAO JOAO BATISTA","93025000.000000","SAO LEOPOLDO","RS","51.000000","35799488.000000","CONSORCIOCARBURGO@TERRA.COM.BR",NA,"2008","04","consorcios"
"89472310.000000","SERRANA ADMINISTRADORA DE CONSORCIOS LTDA","AV. OSVALDO ARANHA, 1170",NA,"CENTRO","95330000.000000","VERANOPOLIS","RS","54.000000","34411281.000000","SERRANA@SERRANACONSORCIOS.COM.BR","WWW.SERRANACONSORCIOS.COM.BR","2008","04","consorcios"
"89531024.000000","ADMINISTRADORA GAUCHA DE CONSORCIOS LTDA","AV. CHICAGO, 217","SALA 22","BAIRRO FLORESTA","90240010.000000","PORTO ALEGRE","RS","51.000000","30617297.000000",NA,NA,"2008","04","consorcios"
"90094087.000000","BROZAUTO ADMINISTRADORA DE CONSORCIOS LTDA","AV. FARRAPOS, 820",NA,"CENTRO","90220000.000000","PORTO ALEGRE","RS","51.000000","32203030.000000","CONSORCIO@BROZAUTO.COM.BR","WWW.BROZAUTO.COM.BR","2008","04","consorcios"
"87636643.000000","SOCIEDADE ADMINISTRADORA DE CONSORCIOS LTDA","RUA ESPIRITO SANTO, S/N","FÁTIMA","FÁTIMA","99700000.000000","ERECHIM","RS","54.000000","33211367.000000","SAC_CONTÁBIL@ST.NET.BR","WWW.SACCONSORCIOS.COM.BR","2008","04","consorcios"
"83427823.000000","ADMINISTRADORA DE CONSÓRCIO REAL LTDA.","RUA SÃO JACÓ, 161 SALA  01",NA,"CENTRO","89896000.000000","ITAPIRANGA","SC","49.000000","36770077.000000","CONSORCIOREAL@SMO.COM.BR",NA,"2008","04","consorcios"
"34039115.000000","SATEPLAN CONSORCIOS LTDA - IMPEDIDA CRIAR NOVOS GRUPOS","AV. AIRTON SENNA 3000","BLOCO 2 - SALA 227","BARRA DA TIJUCA","22775003.000000","RIO DE JANEIRO","RJ","21.000000","24317780.000000",NA,NA,"2008","04","consorcios"
"81665143.000000","OUROPLAN ADMINISTRADORA DE CONSÓRCIOS LTDA","RUA MIGUEL POHOLINK, 130",NA,"HAUER","81610220.000000","CURITIBA","PR","41.000000","33436170.000000","OUROPLAN@ONDA.COM.BR","WWW.OUROPLAN@ONDA.COM.BR","2008","04","consorcios"
"33984550.000000","ASSOCIACAO DOS FUNCIONARIOS DO BNDES","AV. CHILE, 100, SOBRE LOJA - MEZANINO",NA,"CENTRO","20050917.000000","RIO DE JANEIRO","RJ","21.000000","25320163.000000","AFATENDI@AFBNDES.ORG.BR","WWW.AFBNDES.ORG.BR","2008","04","consorcios"
"33958893.000000","GRAFIN GRUPOS DE AUTOFINANCIAMENTO DE AUTOMOVEIS LTDA","RUA GENERAL POLIDORO, 81 - PARTE",NA,"BOTAFOGO","22280001.000000","RIO DE JANEIRO","RJ","21.000000","5468598.000000",NA,NA,"2008","04","consorcios"
"81742223.000000","CONSEG ADMINISTRADORA DE CONSORCIOS LTDA.","RUA SALDANHA MARINHO, 3456",NA,"CAMPINA DO SIQUEIRA","80730180.000000","CURITIBA","PR","41.000000","33108000.000000","CONSORCIOS@CONSEG.COM.BR","WWW.CONSEG.COM.BR","2008","04","consorcios"
"82602327.000000","UNIMED DE JOINVILLE - COOPERATIVA DE TRABALHO MEDICO","RUA ORESTES GUIMARAES , 905","BAIRRO AMÉRICA","AMERICA","89204060.000000","JOINVILLE","SC","47.000000","34419649.000000","DELCIO@JOINVILLE.UNIMEDSC.COM.BR",NA,"2008","04","consorcios"
"82942400.000000","GAMBATTO ADMINISTRADORA DE CONSORCIOS LTDA.","RUA FERNANDO MACHADO, 3345 - D",NA,"BELA VISTA","89804000.000000","CHAPECO","SC","49.000000","33219000.000000","ZICO@GAMBATTO.COM.BR",NA,"2008","04","consorcios"
"83049445.000000","KOERICH ADMINISTRADORA DE CONSORCIOS LTDA","RUA JERONIMO COELHO, 185","LOJA","CENTRO","88010030.000000","FLORIANOPOLIS","SC","48.000000","32243393.000000","CONSORCIO@CONSORCIOKOERICH.COM.BR","WWW.CONSORCIOKOERICH.COM.BR","2008","04","consorcios"
"83792184.000000","KOENTOPP ADMINISTRADORA DE CONSORCIOS LTDA","RUA DR. JOAO COLIN, 1526",NA,"AMERICA","89204000.000000","JOINVILLE","SC","47.000000","21054545.000000","CONSORCIO@KOENTOPP.COM.BR","WWW.KOENTOPP.COM.BR","2008","04","consorcios"
"33868654.000000","CLUBE NAVAL - CAIXA BENEFICIENTE","AV. ALMIRANTE BARROSO, 63","17º ANDAR","CENTRO","20031913.000000","RIO DE JANEIRO","RJ","21.000000","25332126.000000","PACN@UOL.COM.BR",NA,"2008","04","consorcios"
"83648303.000000","CONSORCIO DE VEICULOS JUGASA S.A.","AV. CENTENÁRIO,  5100","SALA 01      TÉRREO","PROSPERA","88815000.000000","CRICIUMA","SC","48.000000","4310505.000000","CONSORCIO@JUGASA.COM.BR",NA,"2008","04","consorcios"
"83553883.000000","UNIÃO CATARINENSE ADMINISTRADORA DE CONSORCIOS LTDA","RUA ABDON BATISTA, 342",NA,"CENTRO","89201010.000000","JOINVILLE","SC","47.000000","21018800.000000","UNIAOCAT@UNIAOCAT.COM.BR","WWW.UNIAOCAT.COM.BR","2008","04","consorcios"
NA,NA,NA,NA,NA,NA,NA,NA,NA,NA,NA,NA,"2008","04","consorcios"
"Fonte: Instituições financeiras (o teor das informações é de responsabilidade da respectiva instituição/empresa, de acordo com a regulamentação em vigor)",NA,NA,NA,NA,NA,NA,NA,NA,NA,NA,NA,"2008","04","consorcios"
